id,code,label
1,2,two
2,2,two
3,1,one
4,1,one
5,1,one
6,0,zero
7,2,two
8,3,three
9,1,one
10,1,one
11,0,zero
12,2,two
13,0,zero
14,3,three
15,1,one
16,1,one
17,3,three
18,1,one
19,2,two
20,2,two
21,0,zero
22,0,zero
23,2,two
24,3,three
25,1,one
26,1,one
27,1,one
28,0,zero
29,0,zero
30,1,one
31,3,three
32,0,zero
33,0,zero
34,1,one
35,2,two
36,0,zero
37,0,zero
38,3,three
39,0,zero
40,0,zero
41,2,two
42,3,three
43,0,zero
44,2,two
45,0,zero
46,3,three
47,1,one
48,1,one
49,3,three
50,3,three
51,1,one
52,3,three
53,0,zero
54,0,zero
55,0,zero
56,3,three
57,0,zero
58,2,two
59,3,three
60,0,zero
61,2,two
62,3,three
63,0,zero
64,3,three
65,0,zero
66,1,one
67,2,two
68,0,zero
69,0,zero
70,3,three
71,2,two
72,3,three
73,0,zero
74,0,zero
75,3,three
76,1,one
77,0,zero
78,0,zero
79,1,one
80,0,zero
81,3,three
82,0,zero
83,3,three
84,3,three
85,0,zero
86,1,one
87,1,one
88,2,two
89,1,one
90,0,zero
91,1,one
92,1,one
93,1,one
94,0,zero
95,0,zero
96,1,one
97,3,three
98,3,three
99,3,three
100,2,two
101,0,zero
102,3,three
103,3,three
104,2,two
105,2,two
106,2,two
107,3,three
108,1,one
109,0,zero
110,3,three
111,0,zero
112,0,zero
113,0,zero
114,1,one
115,0,zero
116,0,zero
117,0,zero
118,1,one
119,0,zero
120,3,three
121,1,one
122,0,zero
123,3,three
124,2,two
125,3,three
126,3,three
127,3,three
128,1,one
129,3,three
130,2,two
131,2,two
132,0,zero
133,2,two
134,2,two
135,1,one
136,2,two
137,2,two
138,3,three
139,3,three
140,3,three
141,2,two
142,3,three
143,2,two
144,0,zero
145,2,two
146,0,zero
147,1,one
148,1,one
149,2,two
150,0,zero
151,1,one
152,0,zero
153,0,zero
154,0,zero
155,1,one
156,2,two
157,1,one
158,2,two
159,0,zero
160,3,three
161,0,zero
162,2,two
163,0,zero
164,2,two
165,3,three
166,0,zero
167,0,zero
168,3,three
169,1,one
170,3,three
171,3,three
172,0,zero
173,3,three
174,0,zero
175,0,zero
176,0,zero
177,3,three
178,1,one
179,0,zero
180,2,two
181,2,two
182,1,one
183,0,zero
184,0,zero
185,0,zero
186,3,three
187,0,zero
188,1,one
189,3,three
190,1,one
191,2,two
192,2,two
193,3,three
194,1,one
195,1,one
196,3,three
197,3,three
198,3,three
199,1,one
200,3,three
201,0,zero
202,1,one
203,2,two
204,2,two
205,2,two
206,3,three
207,1,one
208,2,two
209,1,one
210,2,two
211,2,two
212,1,one
213,1,one
214,2,two
215,1,one
216,2,two
217,3,three
218,2,two
219,2,two
220,3,three
221,1,one
222,0,zero
223,3,three
224,0,zero
225,2,two
226,2,two
227,1,one
228,0,zero
229,2,two
230,3,three
231,3,three
232,3,three
233,3,three
234,0,zero
235,3,three
236,2,two
237,3,three
238,3,three
239,3,three
240,1,one
241,3,three
242,3,three
243,3,three
244,2,two
245,0,zero
246,2,two
247,2,two
248,3,three
249,3,three
250,0,zero
251,0,zero
252,3,three
253,2,two
254,2,two
255,2,two
256,0,zero
257,2,two
258,2,two
259,1,one
260,0,zero
261,3,three
262,1,one
263,1,one
264,0,zero
265,3,three
266,2,two
267,2,two
268,2,two
269,0,zero
270,2,two
271,1,one
272,1,one
273,2,two
274,3,three
275,0,zero
276,3,three
277,0,zero
278,3,three
279,1,one
280,1,one
281,0,zero
282,3,three
283,0,zero
284,3,three
285,0,zero
286,0,zero
287,0,zero
288,0,zero
289,2,two
290,3,three
291,3,three
292,2,two
293,3,three
294,0,zero
295,1,one
296,2,two
297,1,one
298,0,zero
299,1,one
300,1,one
301,1,one
302,2,two
303,2,two
304,2,two
305,0,zero
306,0,zero
307,1,one
308,2,two
309,3,three
310,3,three
311,1,one
312,0,zero
313,3,three
314,3,three
315,3,three
316,3,three
317,3,three
318,0,zero
319,2,two
320,1,one
321,0,zero
322,3,three
323,1,one
324,2,two
325,2,two
326,2,two
327,2,two
328,3,three
329,2,two
330,2,two
331,1,one
332,0,zero
333,0,zero
334,0,zero
335,1,one
336,0,zero
337,3,three
338,0,zero
339,1,one
340,3,three
341,1,one
342,3,three
343,1,one
344,2,two
345,2,two
346,1,one
347,0,zero
348,2,two
349,3,three
350,3,three
351,1,one
352,3,three
353,3,three
354,3,three
355,1,one
356,1,one
357,0,zero
358,0,zero
359,0,zero
360,1,one
361,0,zero
362,2,two
363,3,three
364,2,two
365,3,three
366,0,zero
367,2,two
368,3,three
369,0,zero
370,3,three
371,0,zero
372,1,one
373,2,two
374,3,three
375,1,one
376,0,zero
377,1,one
378,2,two
379,2,two
380,0,zero
381,2,two
382,2,two
383,0,zero
384,1,one
385,2,two
386,2,two
387,3,three
388,1,one
389,3,three
390,2,two
391,2,two
392,1,one
393,0,zero
394,3,three
395,1,one
396,0,zero
397,0,zero
398,3,three
399,3,three
400,1,one
401,3,three
402,1,one
403,0,zero
404,2,two
405,0,zero
406,2,two
407,2,two
408,1,one
409,3,three
410,1,one
411,2,two
412,3,three
413,0,zero
414,1,one
415,0,zero
416,0,zero
417,0,zero
418,1,one
419,2,two
420,3,three
421,0,zero
422,3,three
423,2,two
424,1,one
425,1,one
426,1,one
427,3,three
428,0,zero
429,2,two
430,1,one
431,3,three
432,3,three
433,3,three
434,3,three
435,0,zero
436,1,one
437,1,one
438,0,zero
439,1,one
440,3,three
441,3,three
442,0,zero
443,0,zero
444,1,one
445,2,two
446,1,one
447,1,one
448,2,two
449,3,three
450,1,one
451,0,zero
452,0,zero
453,0,zero
454,0,zero
455,3,three
456,2,two
457,3,three
458,2,two
459,1,one
460,1,one
461,3,three
462,0,zero
463,3,three
464,3,three
465,3,three
466,3,three
467,2,two
468,2,two
469,0,zero
470,0,zero
471,1,one
472,2,two
473,0,zero
474,0,zero
475,2,two
476,2,two
477,0,zero
478,3,three
479,3,three
480,1,one
481,3,three
482,2,two
483,0,zero
484,0,zero
485,2,two
486,3,three
487,2,two
488,2,two
489,2,two
490,0,zero
491,2,two
492,2,two
493,2,two
494,0,zero
495,1,one
496,0,zero
497,3,three
498,3,three
499,0,zero
500,2,two
501,3,three
502,0,zero
503,3,three
504,2,two
505,1,one
506,1,one
507,1,one
508,0,zero
509,3,three
510,3,three
511,0,zero
512,3,three
513,3,three
514,2,two
515,2,two
516,0,zero
517,0,zero
518,0,zero
519,1,one
520,3,three
521,2,two
522,0,zero
523,1,one
524,3,three
525,2,two
526,3,three
527,2,two
528,3,three
529,0,zero
530,3,three
531,3,three
532,3,three
533,1,one
534,0,zero
535,0,zero
536,0,zero
537,0,zero
538,3,three
539,2,two
540,1,one
541,2,two
542,2,two
543,2,two
544,1,one
545,3,three
546,1,one
547,2,two
548,1,one
549,2,two
550,2,two
551,0,zero
552,1,one
553,3,three
554,1,one
555,3,three
556,3,three
557,3,three
558,1,one
559,0,zero
560,0,zero
561,3,three
562,1,one
563,1,one
564,1,one
565,1,one
566,3,three
567,0,zero
568,1,one
569,0,zero
570,2,two
571,1,one
572,1,one
573,3,three
574,0,zero
575,0,zero
576,3,three
577,3,three
578,3,three
579,3,three
580,0,zero
581,0,zero
582,2,two
583,1,one
584,3,three
585,2,two
586,0,zero
587,0,zero
588,0,zero
589,1,one
590,3,three
591,0,zero
592,2,two
593,2,two
594,0,zero
595,3,three
596,0,zero
597,1,one
598,1,one
599,0,zero
600,0,zero
601,3,three
602,2,two
603,0,zero
604,2,two
605,2,two
606,3,three
607,3,three
608,2,two
609,2,two
610,0,zero
611,3,three
612,3,three
613,0,zero
614,1,one
615,0,zero
616,2,two
617,0,zero
618,0,zero
619,0,zero
620,2,two
621,3,three
622,3,three
623,0,zero
624,3,three
625,1,one
626,1,one
627,2,two
628,3,three
629,3,three
630,2,two
631,0,zero
632,0,zero
633,1,one
634,1,one
635,1,one
636,1,one
637,3,three
638,1,one
639,0,zero
640,1,one
641,2,two
642,1,one
643,1,one
644,2,two
645,2,two
646,0,zero
647,3,three
648,0,zero
649,3,three
650,2,two
651,2,two
652,1,one
653,0,zero
654,1,one
655,0,zero
656,2,two
657,3,three
658,1,one
659,2,two
660,0,zero
661,2,two
662,2,two
663,0,zero
664,0,zero
665,0,zero
666,0,zero
667,1,one
668,2,two
669,0,zero
670,0,zero
671,3,three
672,1,one
673,3,three
674,2,two
675,1,one
676,0,zero
677,2,two
678,3,three
679,0,zero
680,2,two
681,3,three
682,1,one
683,0,zero
684,3,three
685,3,three
686,0,zero
687,1,one
688,3,three
689,0,zero
690,3,three
691,1,one
692,3,three
693,2,two
694,2,two
695,2,two
696,1,one
697,3,three
698,3,three
699,3,three
700,3,three
701,1,one
702,3,three
703,3,three
704,2,two
705,1,one
706,3,three
707,2,two
708,1,one
709,2,two
710,3,three
711,1,one
712,3,three
713,2,two
714,0,zero
715,0,zero
716,2,two
717,3,three
718,1,one
719,1,one
720,3,three
721,0,zero
722,3,three
723,1,one
724,0,zero
725,1,one
726,1,one
727,0,zero
728,2,two
729,1,one
730,3,three
731,3,three
732,3,three
733,2,two
734,1,one
735,2,two
736,1,one
737,3,three
738,3,three
739,3,three
740,0,zero
741,2,two
742,0,zero
743,3,three
744,2,two
745,2,two
746,2,two
747,1,one
748,3,three
749,3,three
750,0,zero
751,0,zero
752,1,one
753,3,three
754,1,one
755,0,zero
756,3,three
757,0,zero
758,1,one
759,1,one
760,0,zero
761,2,two
762,3,three
763,1,one
764,0,zero
765,3,three
766,0,zero
767,3,three
768,0,zero
769,1,one
770,2,two
771,2,two
772,0,zero
773,2,two
774,2,two
775,3,three
776,1,one
777,2,two
778,2,two
779,0,zero
780,3,three
781,3,three
782,0,zero
783,2,two
784,3,three
785,0,zero
786,2,two
787,2,two
788,0,zero
789,2,two
790,0,zero
791,1,one
792,0,zero
793,0,zero
794,1,one
795,0,zero
796,3,three
797,3,three
798,2,two
799,3,three
800,3,three
801,3,three
802,0,zero
803,2,two
804,3,three
805,2,two
806,1,one
807,2,two
808,1,one
809,2,two
810,1,one
811,0,zero
812,1,one
813,1,one
814,3,three
815,0,zero
816,2,two
817,3,three
818,3,three
819,1,one
820,3,three
821,1,one
822,2,two
823,2,two
824,0,zero
825,2,two
826,0,zero
827,2,two
828,0,zero
829,0,zero
830,1,one
831,3,three
832,1,one
833,1,one
834,1,one
835,0,zero
836,1,one
837,0,zero
838,0,zero
839,2,two
840,2,two
841,3,three
842,2,two
843,2,two
844,1,one
845,0,zero
846,1,one
847,1,one
848,0,zero
849,3,three
850,2,two
851,1,one
852,1,one
853,1,one
854,0,zero
855,1,one
856,1,one
857,1,one
858,0,zero
859,2,two
860,1,one
861,3,three
862,1,one
863,2,two
864,2,two
865,0,zero
866,3,three
867,2,two
868,0,zero
869,0,zero
870,2,two
871,3,three
872,0,zero
873,2,two
874,1,one
875,2,two
876,3,three
877,2,two
878,3,three
879,3,three
880,0,zero
881,0,zero
882,0,zero
883,3,three
884,0,zero
885,3,three
886,0,zero
887,0,zero
888,0,zero
889,1,one
890,3,three
891,0,zero
892,1,one
893,1,one
894,3,three
895,0,zero
896,1,one
897,0,zero
898,2,two
899,1,one
900,2,two
901,3,three
902,3,three
903,3,three
904,0,zero
905,0,zero
906,0,zero
907,1,one
908,0,zero
909,2,two
910,2,two
911,0,zero
912,1,one
913,0,zero
914,0,zero
915,1,one
916,0,zero
917,1,one
918,3,three
919,2,two
920,2,two
921,3,three
922,2,two
923,0,zero
924,0,zero
925,0,zero
926,0,zero
927,1,one
928,0,zero
929,1,one
930,3,three
931,2,two
932,2,two
933,2,two
934,3,three
935,3,three
936,3,three
937,2,two
938,3,three
939,0,zero
940,2,two
941,3,three
942,0,zero
943,0,zero
944,1,one
945,3,three
946,2,two
947,2,two
948,0,zero
949,2,two
950,2,two
951,2,two
952,2,two
953,3,three
954,1,one
955,3,three
956,0,zero
957,2,two
958,1,one
959,3,three
960,3,three
961,2,two
962,0,zero
963,3,three
964,2,two
965,0,zero
966,0,zero
967,3,three
968,3,three
969,0,zero
970,0,zero
971,2,two
972,0,zero
973,2,two
974,2,two
975,2,two
976,2,two
977,2,two
978,2,two
979,1,one
980,0,zero
981,0,zero
982,0,zero
983,0,zero
984,2,two
985,1,one
986,0,zero
987,2,two
988,2,two
989,2,two
990,1,one
991,3,three
992,0,zero
993,1,one
994,2,two
995,2,two
996,3,three
997,2,two
998,3,three
999,0,zero
1000,0,zero
1001,1,one
1002,0,zero
1003,2,two
1004,2,two
1005,2,two
1006,2,two
1007,0,zero
1008,3,three
1009,1,one
1010,1,one
1011,0,zero
1012,3,three
1013,1,one
1014,3,three
1015,3,three
1016,0,zero
1017,2,two
1018,0,zero
1019,2,two
1020,1,one
1021,3,three
1022,0,zero
1023,0,zero
1024,2,two
1025,2,two
1026,3,three
1027,3,three
1028,0,zero
1029,1,one
1030,2,two
1031,2,two
1032,1,one
1033,1,one
1034,3,three
1035,1,one
1036,0,zero
1037,1,one
1038,1,one
1039,3,three
1040,1,one
1041,1,one
1042,1,one
1043,0,zero
1044,2,two
1045,3,three
1046,2,two
1047,2,two
1048,3,three
1049,2,two
1050,2,two
1051,3,three
1052,2,two
1053,2,two
1054,3,three
1055,3,three
1056,1,one
1057,1,one
1058,0,zero
1059,2,two
1060,2,two
1061,2,two
1062,3,three
1063,1,one
1064,0,zero
1065,0,zero
1066,1,one
1067,1,one
1068,2,two
1069,3,three
1070,2,two
1071,1,one
1072,0,zero
1073,0,zero
1074,3,three
1075,1,one
1076,3,three
1077,0,zero
1078,3,three
1079,3,three
1080,2,two
1081,1,one
1082,0,zero
1083,3,three
1084,1,one
1085,1,one
1086,0,zero
1087,1,one
1088,3,three
1089,2,two
1090,0,zero
1091,2,two
1092,1,one
1093,2,two
1094,3,three
1095,3,three
1096,1,one
1097,1,one
1098,0,zero
1099,3,three
1100,3,three
1101,2,two
1102,0,zero
1103,2,two
1104,3,three
1105,0,zero
1106,0,zero
1107,2,two
1108,0,zero
1109,0,zero
1110,0,zero
1111,1,one
1112,1,one
1113,3,three
1114,3,three
1115,2,two
1116,1,one
1117,0,zero
1118,0,zero
1119,0,zero
1120,0,zero
1121,2,two
1122,2,two
1123,3,three
1124,2,two
1125,3,three
1126,0,zero
1127,1,one
1128,2,two
1129,1,one
1130,3,three
1131,1,one
1132,2,two
1133,2,two
1134,2,two
1135,1,one
1136,1,one
1137,3,three
1138,1,one
1139,2,two
1140,0,zero
1141,3,three
1142,0,zero
1143,0,zero
1144,0,zero
1145,1,one
1146,1,one
1147,0,zero
1148,1,one
1149,3,three
1150,2,two
1151,2,two
1152,0,zero
1153,0,zero
1154,2,two
1155,2,two
1156,1,one
1157,1,one
1158,0,zero
1159,3,three
1160,0,zero
1161,2,two
1162,0,zero
1163,1,one
1164,1,one
1165,3,three
1166,2,two
1167,3,three
1168,2,two
1169,1,one
1170,3,three
1171,1,one
1172,2,two
1173,0,zero
1174,2,two
1175,1,one
1176,3,three
1177,2,two
1178,2,two
1179,2,two
1180,3,three
1181,3,three
1182,0,zero
1183,2,two
1184,2,two
1185,1,one
1186,0,zero
1187,2,two
1188,2,two
1189,1,one
1190,0,zero
1191,2,two
1192,0,zero
1193,2,two
1194,0,zero
1195,0,zero
1196,2,two
1197,0,zero
1198,0,zero
1199,3,three
1200,3,three
1201,3,three
1202,2,two
1203,0,zero
1204,3,three
1205,0,zero
1206,3,three
1207,0,zero
1208,3,three
1209,0,zero
1210,0,zero
1211,3,three
1212,2,two
1213,0,zero
1214,0,zero
1215,0,zero
1216,1,one
1217,1,one
1218,0,zero
1219,1,one
1220,3,three
1221,1,one
1222,3,three
1223,0,zero
1224,1,one
1225,2,two
1226,3,three
1227,1,one
1228,1,one
1229,1,one
1230,2,two
1231,0,zero
1232,0,zero
1233,3,three
1234,0,zero
1235,2,two
1236,2,two
1237,1,one
1238,3,three
1239,2,two
1240,3,three
1241,3,three
1242,0,zero
1243,1,one
1244,0,zero
1245,1,one
1246,1,one
1247,0,zero
1248,3,three
1249,2,two
1250,1,one
1251,0,zero
1252,2,two
1253,2,two
1254,0,zero
1255,0,zero
1256,2,two
1257,0,zero
1258,2,two
1259,3,three
1260,3,three
1261,2,two
1262,3,three
1263,3,three
1264,0,zero
1265,0,zero
1266,1,one
1267,1,one
1268,0,zero
1269,0,zero
1270,2,two
1271,2,two
1272,3,three
1273,3,three
1274,0,zero
1275,2,two
1276,2,two
1277,1,one
1278,0,zero
1279,2,two
1280,1,one
1281,3,three
1282,0,zero
1283,1,one
1284,3,three
1285,3,three
1286,3,three
1287,0,zero
1288,1,one
1289,0,zero
1290,2,two
1291,1,one
1292,0,zero
1293,3,three
1294,2,two
1295,3,three
1296,2,two
1297,1,one
1298,1,one
1299,3,three
1300,1,one
1301,0,zero
1302,1,one
1303,2,two
1304,1,one
1305,1,one
1306,2,two
1307,1,one
1308,1,one
1309,2,two
1310,1,one
1311,0,zero
1312,3,three
1313,3,three
1314,0,zero
1315,2,two
1316,0,zero
1317,2,two
1318,1,one
1319,0,zero
1320,0,zero
1321,1,one
1322,3,three
1323,1,one
1324,1,one
1325,3,three
1326,2,two
1327,1,one
1328,3,three
1329,2,two
1330,1,one
1331,2,two
1332,0,zero
1333,2,two
1334,2,two
1335,2,two
1336,3,three
1337,1,one
1338,2,two
1339,1,one
1340,1,one
1341,1,one
1342,0,zero
1343,0,zero
1344,2,two
1345,3,three
1346,2,two
1347,1,one
1348,3,three
1349,2,two
1350,2,two
1351,0,zero
1352,0,zero
1353,0,zero
1354,1,one
1355,1,one
1356,0,zero
1357,1,one
1358,1,one
1359,2,two
1360,3,three
1361,3,three
1362,1,one
1363,2,two
1364,2,two
1365,3,three
1366,2,two
1367,3,three
1368,3,three
1369,2,two
1370,1,one
1371,0,zero
1372,1,one
1373,0,zero
1374,3,three
1375,3,three
1376,3,three
1377,2,two
1378,3,three
1379,2,two
1380,3,three
1381,1,one
1382,2,two
1383,2,two
1384,3,three
1385,3,three
1386,3,three
1387,3,three
1388,1,one
1389,3,three
1390,3,three
1391,1,one
1392,1,one
1393,2,two
1394,2,two
1395,1,one
1396,1,one
1397,0,zero
1398,2,two
1399,1,one
1400,2,two
1401,2,two
1402,0,zero
1403,1,one
1404,2,two
1405,2,two
1406,3,three
1407,0,zero
1408,1,one
1409,0,zero
1410,1,one
1411,2,two
1412,0,zero
1413,3,three
1414,2,two
1415,0,zero
1416,0,zero
1417,3,three
1418,3,three
1419,1,one
1420,3,three
1421,0,zero
1422,0,zero
1423,3,three
1424,1,one
1425,2,two
1426,0,zero
1427,0,zero
1428,0,zero
1429,0,zero
1430,3,three
1431,3,three
1432,2,two
1433,3,three
1434,1,one
1435,2,two
1436,0,zero
1437,2,two
1438,3,three
1439,3,three
1440,1,one
1441,3,three
1442,1,one
1443,2,two
1444,2,two
1445,3,three
1446,2,two
1447,2,two
1448,2,two
1449,2,two
1450,0,zero
1451,0,zero
1452,0,zero
1453,2,two
1454,2,two
1455,2,two
1456,0,zero
1457,3,three
1458,1,one
1459,1,one
1460,1,one
1461,3,three
1462,1,one
1463,2,two
1464,1,one
1465,0,zero
1466,0,zero
1467,1,one
1468,1,one
1469,3,three
1470,3,three
1471,3,three
1472,2,two
1473,1,one
1474,0,zero
1475,3,three
1476,0,zero
1477,3,three
1478,0,zero
1479,3,three
1480,1,one
1481,2,two
1482,3,three
1483,0,zero
1484,3,three
1485,0,zero
1486,0,zero
1487,3,three
1488,2,two
1489,2,two
1490,3,three
1491,3,three
1492,3,three
1493,1,one
1494,3,three
1495,2,two
1496,2,two
1497,2,two
1498,3,three
1499,2,two
1500,1,one
1501,0,zero
1502,3,three
1503,3,three
1504,0,zero
1505,3,three
1506,2,two
1507,2,two
1508,1,one
1509,1,one
1510,1,one
1511,2,two
1512,2,two
1513,0,zero
1514,3,three
1515,1,one
1516,2,two
1517,3,three
1518,0,zero
1519,2,two
1520,3,three
1521,3,three
1522,1,one
1523,2,two
1524,0,zero
1525,3,three
1526,1,one
1527,3,three
1528,0,zero
1529,2,two
1530,2,two
1531,3,three
1532,3,three
1533,3,three
1534,1,one
1535,3,three
1536,2,two
1537,2,two
1538,3,three
1539,1,one
1540,2,two
1541,2,two
1542,3,three
1543,3,three
1544,3,three
1545,1,one
1546,0,zero
1547,3,three
1548,3,three
1549,2,two
1550,0,zero
1551,3,three
1552,0,zero
1553,1,one
1554,2,two
1555,2,two
1556,1,one
1557,1,one
1558,3,three
1559,1,one
1560,3,three
1561,2,two
1562,0,zero
1563,1,one
1564,0,zero
1565,3,three
1566,3,three
1567,1,one
1568,1,one
1569,3,three
1570,0,zero
1571,0,zero
1572,3,three
1573,0,zero
1574,2,two
1575,2,two
1576,0,zero
1577,1,one
1578,2,two
1579,0,zero
1580,1,one
1581,0,zero
1582,1,one
1583,0,zero
1584,0,zero
1585,0,zero
1586,0,zero
1587,3,three
1588,1,one
1589,1,one
1590,1,one
1591,2,two
1592,1,one
1593,3,three
1594,1,one
1595,0,zero
1596,2,two
1597,2,two
1598,2,two
1599,2,two
1600,1,one
1601,3,three
1602,0,zero
1603,3,three
1604,3,three
1605,2,two
1606,3,three
1607,3,three
1608,0,zero
1609,0,zero
1610,2,two
1611,3,three
1612,2,two
1613,3,three
1614,2,two
1615,0,zero
1616,3,three
1617,2,two
1618,2,two
1619,3,three
1620,3,three
1621,1,one
1622,1,one
1623,2,two
1624,2,two
1625,0,zero
1626,1,one
1627,1,one
1628,0,zero
1629,3,three
1630,2,two
1631,3,three
1632,1,one
1633,1,one
1634,0,zero
1635,0,zero
1636,1,one
1637,3,three
1638,2,two
1639,3,three
1640,2,two
1641,0,zero
1642,0,zero
1643,0,zero
1644,1,one
1645,0,zero
1646,1,one
1647,1,one
1648,3,three
1649,3,three
1650,1,one
1651,0,zero
1652,0,zero
1653,2,two
1654,2,two
1655,3,three
1656,0,zero
1657,1,one
1658,0,zero
1659,2,two
1660,3,three
1661,1,one
1662,0,zero
1663,3,three
1664,2,two
1665,0,zero
1666,2,two
1667,1,one
1668,1,one
1669,2,two
1670,2,two
1671,1,one
1672,1,one
1673,3,three
1674,3,three
1675,2,two
1676,2,two
1677,1,one
1678,3,three
1679,1,one
1680,3,three
1681,1,one
1682,0,zero
1683,3,three
1684,0,zero
1685,0,zero
1686,1,one
1687,1,one
1688,3,three
1689,0,zero
1690,0,zero
1691,1,one
1692,1,one
1693,0,zero
1694,1,one
1695,3,three
1696,2,two
1697,0,zero
1698,1,one
1699,0,zero
1700,2,two
1701,2,two
1702,1,one
1703,2,two
1704,0,zero
1705,1,one
1706,0,zero
1707,0,zero
1708,1,one
1709,3,three
1710,2,two
1711,2,two
1712,3,three
1713,3,three
1714,2,two
1715,0,zero
1716,3,three
1717,3,three
1718,0,zero
1719,0,zero
1720,1,one
1721,1,one
1722,1,one
1723,0,zero
1724,3,three
1725,1,one
1726,2,two
1727,3,three
1728,2,two
1729,0,zero
1730,2,two
1731,0,zero
1732,2,two
1733,1,one
1734,0,zero
1735,0,zero
1736,2,two
1737,2,two
1738,3,three
1739,0,zero
1740,2,two
1741,3,three
1742,3,three
1743,1,one
1744,2,two
1745,0,zero
1746,2,two
1747,0,zero
1748,0,zero
1749,0,zero
1750,1,one
1751,2,two
1752,3,three
1753,0,zero
1754,0,zero
1755,3,three
1756,3,three
1757,0,zero
1758,2,two
1759,1,one
1760,0,zero
1761,3,three
1762,2,two
1763,0,zero
1764,1,one
1765,3,three
1766,0,zero
1767,1,one
1768,3,three
1769,1,one
1770,0,zero
1771,0,zero
1772,0,zero
1773,2,two
1774,0,zero
1775,2,two
1776,0,zero
1777,3,three
1778,1,one
1779,1,one
1780,0,zero
1781,0,zero
1782,2,two
1783,3,three
1784,2,two
1785,1,one
1786,3,three
1787,2,two
1788,0,zero
1789,2,two
1790,3,three
1791,3,three
1792,3,three
1793,3,three
1794,0,zero
1795,2,two
1796,1,one
1797,0,zero
1798,0,zero
1799,1,one
1800,1,one
1801,1,one
1802,3,three
1803,1,one
1804,2,two
1805,3,three
1806,2,two
1807,3,three
1808,2,two
1809,0,zero
1810,2,two
1811,1,one
1812,2,two
1813,1,one
1814,0,zero
1815,1,one
1816,0,zero
1817,0,zero
1818,3,three
1819,2,two
1820,2,two
1821,2,two
1822,3,three
1823,0,zero
1824,3,three
1825,1,one
1826,2,two
1827,1,one
1828,3,three
1829,1,one
1830,1,one
1831,2,two
1832,0,zero
1833,1,one
1834,3,three
1835,0,zero
1836,0,zero
1837,3,three
1838,1,one
1839,1,one
1840,1,one
1841,3,three
1842,3,three
1843,0,zero
1844,1,one
1845,3,three
1846,1,one
1847,3,three
1848,1,one
1849,3,three
1850,0,zero
1851,3,three
1852,1,one
1853,3,three
1854,1,one
1855,1,one
1856,3,three
1857,0,zero
1858,3,three
1859,0,zero
1860,1,one
1861,2,two
1862,2,two
1863,2,two
1864,3,three
1865,2,two
1866,1,one
1867,3,three
1868,2,two
1869,1,one
1870,2,two
1871,1,one
1872,0,zero
1873,1,one
1874,3,three
1875,2,two
1876,0,zero
1877,3,three
1878,3,three
1879,0,zero
1880,0,zero
1881,0,zero
1882,2,two
1883,2,two
1884,0,zero
1885,3,three
1886,1,one
1887,0,zero
1888,3,three
1889,1,one
1890,3,three
1891,2,two
1892,3,three
1893,2,two
1894,3,three
1895,2,two
1896,1,one
1897,1,one
1898,1,one
1899,1,one
1900,2,two
1901,0,zero
1902,1,one
1903,1,one
1904,2,two
1905,1,one
1906,0,zero
1907,1,one
1908,1,one
1909,1,one
1910,1,one
1911,2,two
1912,1,one
1913,1,one
1914,1,one
1915,1,one
1916,1,one
1917,1,one
1918,1,one
1919,2,two
1920,2,two
1921,3,three
1922,2,two
1923,3,three
1924,2,two
1925,3,three
1926,1,one
1927,1,one
1928,3,three
1929,3,three
1930,0,zero
1931,1,one
1932,3,three
1933,2,two
1934,1,one
1935,1,one
1936,3,three
1937,0,zero
1938,3,three
1939,1,one
1940,2,two
1941,2,two
1942,1,one
1943,2,two
1944,1,one
1945,1,one
1946,1,one
1947,1,one
1948,0,zero
1949,0,zero
1950,3,three
1951,0,zero
1952,3,three
1953,1,one
1954,2,two
1955,3,three
1956,0,zero
1957,0,zero
1958,1,one
1959,2,two
1960,3,three
1961,2,two
1962,0,zero
1963,1,one
1964,1,one
1965,0,zero
1966,3,three
1967,1,one
1968,3,three
1969,3,three
1970,2,two
1971,1,one
1972,1,one
1973,3,three
1974,3,three
1975,3,three
1976,2,two
1977,1,one
1978,1,one
1979,0,zero
1980,0,zero
1981,0,zero
1982,1,one
1983,0,zero
1984,3,three
1985,2,two
1986,3,three
1987,3,three
1988,1,one
1989,1,one
1990,2,two
1991,0,zero
1992,3,three
1993,1,one
1994,3,three
1995,0,zero
1996,3,three
1997,2,two
1998,1,one
1999,0,zero
2000,2,two
2001,2,two
2002,3,three
2003,0,zero
2004,1,one
2005,3,three
2006,1,one
2007,3,three
2008,3,three
2009,1,one
2010,2,two
2011,1,one
2012,3,three
2013,3,three
2014,1,one
2015,1,one
2016,2,two
2017,2,two
2018,2,two
2019,3,three
2020,3,three
2021,2,two
2022,2,two
2023,2,two
2024,3,three
2025,0,zero
2026,2,two
2027,1,one
2028,1,one
2029,3,three
2030,2,two
2031,3,three
2032,1,one
2033,1,one
2034,1,one
2035,1,one
2036,2,two
2037,2,two
2038,2,two
2039,2,two
2040,2,two
2041,3,three
2042,2,two
2043,0,zero
2044,0,zero
2045,0,zero
2046,2,two
2047,0,zero
2048,2,two
2049,1,one
2050,1,one
2051,1,one
2052,3,three
2053,3,three
2054,0,zero
2055,3,three
2056,3,three
2057,2,two
2058,0,zero
2059,2,two
2060,1,one
2061,0,zero
2062,3,three
2063,3,three
2064,0,zero
2065,2,two
2066,0,zero
2067,1,one
2068,2,two
2069,1,one
2070,1,one
2071,3,three
2072,3,three
2073,3,three
2074,3,three
2075,2,two
2076,1,one
2077,2,two
2078,3,three
2079,1,one
2080,2,two
2081,3,three
2082,0,zero
2083,3,three
2084,1,one
2085,0,zero
2086,3,three
2087,3,three
2088,3,three
2089,3,three
2090,3,three
2091,3,three
2092,1,one
2093,3,three
2094,0,zero
2095,3,three
2096,3,three
2097,3,three
2098,0,zero
2099,0,zero
2100,3,three
2101,2,two
2102,2,two
2103,0,zero
2104,2,two
2105,3,three
2106,1,one
2107,2,two
2108,1,one
2109,1,one
2110,0,zero
2111,0,zero
2112,3,three
2113,3,three
2114,1,one
2115,1,one
2116,1,one
2117,0,zero
2118,2,two
2119,0,zero
2120,2,two
2121,3,three
2122,2,two
2123,2,two
2124,2,two
2125,0,zero
2126,3,three
2127,1,one
2128,0,zero
2129,2,two
2130,2,two
2131,2,two
2132,3,three
2133,0,zero
2134,3,three
2135,1,one
2136,1,one
2137,3,three
2138,1,one
2139,0,zero
2140,0,zero
2141,1,one
2142,3,three
2143,3,three
2144,0,zero
2145,2,two
2146,3,three
2147,2,two
2148,2,two
2149,2,two
2150,3,three
2151,0,zero
2152,1,one
2153,3,three
2154,3,three
2155,0,zero
2156,2,two
2157,3,three
2158,3,three
2159,1,one
2160,0,zero
2161,3,three
2162,0,zero
2163,0,zero
2164,1,one
2165,0,zero
2166,2,two
2167,3,three
2168,3,three
2169,2,two
2170,1,one
2171,2,two
2172,2,two
2173,2,two
2174,3,three
2175,2,two
2176,1,one
2177,0,zero
2178,1,one
2179,1,one
2180,3,three
2181,0,zero
2182,1,one
2183,3,three
2184,2,two
2185,2,two
2186,1,one
2187,3,three
2188,3,three
2189,2,two
2190,2,two
2191,0,zero
2192,0,zero
2193,0,zero
2194,2,two
2195,1,one
2196,3,three
2197,1,one
2198,0,zero
2199,3,three
2200,0,zero
2201,2,two
2202,1,one
2203,3,three
2204,2,two
2205,0,zero
2206,0,zero
2207,0,zero
2208,2,two
2209,1,one
2210,3,three
2211,0,zero
2212,0,zero
2213,3,three
2214,0,zero
2215,1,one
2216,0,zero
2217,1,one
2218,2,two
2219,0,zero
2220,2,two
2221,2,two
2222,2,two
2223,2,two
2224,1,one
2225,0,zero
2226,3,three
2227,1,one
2228,3,three
2229,2,two
2230,0,zero
2231,3,three
2232,2,two
2233,0,zero
2234,2,two
2235,3,three
2236,2,two
2237,3,three
2238,3,three
2239,3,three
2240,2,two
2241,3,three
2242,2,two
2243,3,three
2244,3,three
2245,0,zero
2246,1,one
2247,1,one
2248,1,one
2249,1,one
2250,3,three
2251,0,zero
2252,2,two
2253,3,three
2254,2,two
2255,1,one
2256,2,two
2257,1,one
2258,2,two
2259,2,two
2260,1,one
2261,1,one
2262,0,zero
2263,3,three
2264,2,two
2265,1,one
2266,2,two
2267,2,two
2268,2,two
2269,0,zero
2270,1,one
2271,2,two
2272,2,two
2273,2,two
2274,1,one
2275,3,three
2276,3,three
2277,1,one
2278,1,one
2279,1,one
2280,0,zero
2281,1,one
2282,2,two
2283,3,three
2284,3,three
2285,0,zero
2286,2,two
2287,0,zero
2288,2,two
2289,1,one
2290,0,zero
2291,2,two
2292,3,three
2293,1,one
2294,1,one
2295,1,one
2296,1,one
2297,3,three
2298,3,three
2299,2,two
2300,3,three
2301,3,three
2302,3,three
2303,1,one
2304,2,two
2305,3,three
2306,2,two
2307,3,three
2308,2,two
2309,2,two
2310,3,three
2311,0,zero
2312,3,three
2313,2,two
2314,2,two
2315,0,zero
2316,1,one
2317,3,three
2318,1,one
2319,3,three
2320,0,zero
2321,0,zero
2322,1,one
2323,1,one
2324,0,zero
2325,1,one
2326,3,three
2327,0,zero
2328,1,one
2329,3,three
2330,2,two
2331,0,zero
2332,0,zero
2333,1,one
2334,0,zero
2335,3,three
2336,3,three
2337,2,two
2338,3,three
2339,3,three
2340,1,one
2341,2,two
2342,2,two
2343,3,three
2344,2,two
2345,0,zero
2346,2,two
2347,0,zero
2348,1,one
2349,2,two
2350,3,three
2351,0,zero
2352,3,three
2353,2,two
2354,0,zero
2355,2,two
2356,2,two
2357,0,zero
2358,1,one
2359,3,three
2360,1,one
2361,2,two
2362,3,three
2363,1,one
2364,3,three
2365,2,two
2366,1,one
2367,2,two
2368,0,zero
2369,0,zero
2370,1,one
2371,3,three
2372,3,three
2373,3,three
2374,1,one
2375,1,one
2376,3,three
2377,2,two
2378,3,three
2379,1,one
2380,0,zero
2381,1,one
2382,1,one
2383,3,three
2384,0,zero
2385,0,zero
2386,2,two
2387,2,two
2388,1,one
2389,3,three
2390,0,zero
2391,1,one
2392,3,three
2393,2,two
2394,0,zero
2395,0,zero
2396,2,two
2397,2,two
2398,2,two
2399,2,two
2400,3,three
2401,3,three
2402,3,three
2403,0,zero
2404,0,zero
2405,1,one
2406,1,one
2407,3,three
2408,3,three
2409,0,zero
2410,1,one
2411,3,three
2412,2,two
2413,2,two
2414,0,zero
2415,1,one
2416,2,two
2417,2,two
2418,1,one
2419,3,three
2420,3,three
2421,2,two
2422,3,three
2423,2,two
2424,0,zero
2425,3,three
2426,2,two
2427,3,three
2428,0,zero
2429,1,one
2430,0,zero
2431,3,three
2432,2,two
2433,0,zero
2434,3,three
2435,0,zero
2436,1,one
2437,1,one
2438,3,three
2439,0,zero
2440,0,zero
2441,1,one
2442,2,two
2443,1,one
2444,2,two
2445,0,zero
2446,2,two
2447,0,zero
2448,2,two
2449,0,zero
2450,0,zero
2451,0,zero
2452,2,two
2453,1,one
2454,0,zero
2455,3,three
2456,2,two
2457,0,zero
2458,0,zero
2459,2,two
2460,2,two
2461,1,one
2462,0,zero
2463,2,two
2464,0,zero
2465,2,two
2466,3,three
2467,3,three
2468,0,zero
2469,1,one
2470,0,zero
2471,1,one
2472,0,zero
2473,0,zero
2474,1,one
2475,1,one
2476,0,zero
2477,3,three
2478,2,two
2479,3,three
2480,1,one
2481,3,three
2482,0,zero
2483,2,two
2484,0,zero
2485,1,one
2486,2,two
2487,3,three
2488,1,one
2489,0,zero
2490,2,two
2491,1,one
2492,1,one
2493,0,zero
2494,2,two
2495,2,two
2496,3,three
2497,0,zero
2498,2,two
2499,1,one
2500,2,two
2501,1,one
2502,0,zero
2503,3,three
2504,3,three
2505,3,three
2506,3,three
2507,3,three
2508,2,two
2509,3,three
2510,3,three
2511,2,two
2512,3,three
2513,3,three
2514,0,zero
2515,1,one
2516,2,two
2517,3,three
2518,0,zero
2519,2,two
2520,1,one
2521,1,one
2522,3,three
2523,0,zero
2524,3,three
2525,3,three
2526,2,two
2527,1,one
2528,1,one
2529,2,two
2530,0,zero
2531,1,one
2532,2,two
2533,0,zero
2534,2,two
2535,3,three
2536,0,zero
2537,0,zero
2538,2,two
2539,2,two
2540,0,zero
2541,0,zero
2542,2,two
2543,1,one
2544,0,zero
2545,1,one
2546,0,zero
2547,1,one
2548,0,zero
2549,1,one
2550,0,zero
2551,1,one
2552,3,three
2553,1,one
2554,0,zero
2555,1,one
2556,2,two
2557,0,zero
2558,0,zero
2559,2,two
2560,1,one
2561,0,zero
2562,1,one
2563,3,three
2564,0,zero
2565,3,three
2566,1,one
2567,3,three
2568,1,one
2569,3,three
2570,2,two
2571,0,zero
2572,1,one
2573,3,three
2574,1,one
2575,2,two
2576,2,two
2577,0,zero
2578,2,two
2579,3,three
2580,3,three
2581,2,two
2582,2,two
2583,1,one
2584,2,two
2585,2,two
2586,2,two
2587,0,zero
2588,1,one
2589,3,three
2590,1,one
2591,0,zero
2592,3,three
2593,2,two
2594,2,two
2595,3,three
2596,3,three
2597,1,one
2598,0,zero
2599,3,three
2600,2,two
2601,0,zero
2602,1,one
2603,3,three
2604,0,zero
2605,1,one
2606,1,one
2607,3,three
2608,3,three
2609,0,zero
2610,3,three
2611,1,one
2612,3,three
2613,2,two
2614,3,three
2615,3,three
2616,2,two
2617,2,two
2618,0,zero
2619,0,zero
2620,3,three
2621,1,one
2622,2,two
2623,0,zero
2624,0,zero
2625,0,zero
2626,2,two
2627,1,one
2628,3,three
2629,2,two
2630,3,three
2631,2,two
2632,3,three
2633,2,two
2634,0,zero
2635,1,one
2636,2,two
2637,0,zero
2638,3,three
2639,1,one
2640,1,one
2641,3,three
2642,0,zero
2643,1,one
2644,0,zero
2645,0,zero
2646,2,two
2647,1,one
2648,2,two
2649,0,zero
2650,1,one
2651,3,three
2652,2,two
2653,2,two
2654,2,two
2655,3,three
2656,3,three
2657,0,zero
2658,3,three
2659,2,two
2660,3,three
2661,3,three
2662,1,one
2663,1,one
2664,3,three
2665,1,one
2666,0,zero
2667,2,two
2668,2,two
2669,2,two
2670,2,two
2671,1,one
2672,1,one
2673,3,three
2674,2,two
2675,2,two
2676,2,two
2677,3,three
2678,2,two
2679,1,one
2680,3,three
2681,2,two
2682,1,one
2683,1,one
2684,1,one
2685,0,zero
2686,1,one
2687,2,two
2688,1,one
2689,1,one
2690,2,two
2691,2,two
2692,1,one
2693,1,one
2694,0,zero
2695,0,zero
2696,3,three
2697,2,two
2698,2,two
2699,3,three
2700,1,one
2701,0,zero
2702,1,one
2703,3,three
2704,3,three
2705,0,zero
2706,0,zero
2707,1,one
2708,1,one
2709,0,zero
2710,0,zero
2711,3,three
2712,1,one
2713,3,three
2714,3,three
2715,2,two
2716,3,three
2717,0,zero
2718,0,zero
2719,3,three
2720,2,two
2721,1,one
2722,2,two
2723,2,two
2724,0,zero
2725,0,zero
2726,0,zero
2727,0,zero
2728,2,two
2729,1,one
2730,0,zero
2731,1,one
2732,3,three
2733,2,two
2734,0,zero
2735,3,three
2736,3,three
2737,1,one
2738,1,one
2739,2,two
2740,2,two
2741,1,one
2742,1,one
2743,2,two
2744,3,three
2745,3,three
2746,1,one
2747,1,one
2748,0,zero
2749,2,two
2750,0,zero
2751,3,three
2752,2,two
2753,1,one
2754,3,three
2755,0,zero
2756,1,one
2757,1,one
2758,3,three
2759,2,two
2760,0,zero
2761,0,zero
2762,2,two
2763,3,three
2764,3,three
2765,0,zero
2766,0,zero
2767,3,three
2768,1,one
2769,2,two
2770,1,one
2771,1,one
2772,3,three
2773,2,two
2774,1,one
2775,3,three
2776,2,two
2777,1,one
2778,0,zero
2779,1,one
2780,0,zero
2781,2,two
2782,1,one
2783,1,one
2784,1,one
2785,1,one
2786,0,zero
2787,0,zero
2788,3,three
2789,3,three
2790,3,three
2791,3,three
2792,1,one
2793,0,zero
2794,2,two
2795,0,zero
2796,1,one
2797,0,zero
2798,2,two
2799,3,three
2800,1,one
2801,2,two
2802,2,two
2803,1,one
2804,2,two
2805,2,two
2806,2,two
2807,1,one
2808,0,zero
2809,0,zero
2810,2,two
2811,2,two
2812,3,three
2813,3,three
2814,2,two
2815,2,two
2816,2,two
2817,2,two
2818,1,one
2819,0,zero
2820,1,one
2821,3,three
2822,1,one
2823,1,one
2824,0,zero
2825,1,one
2826,3,three
2827,2,two
2828,2,two
2829,1,one
2830,2,two
2831,0,zero
2832,0,zero
2833,3,three
2834,0,zero
2835,3,three
2836,0,zero
2837,0,zero
2838,3,three
2839,1,one
2840,2,two
2841,1,one
2842,1,one
2843,3,three
2844,0,zero
2845,3,three
2846,0,zero
2847,1,one
2848,1,one
2849,0,zero
2850,3,three
2851,2,two
2852,0,zero
2853,2,two
2854,0,zero
2855,2,two
2856,1,one
2857,2,two
2858,2,two
2859,3,three
2860,1,one
2861,1,one
2862,2,two
2863,0,zero
2864,1,one
2865,1,one
2866,3,three
2867,1,one
2868,2,two
2869,2,two
2870,3,three
2871,1,one
2872,2,two
2873,2,two
2874,1,one
2875,0,zero
2876,3,three
2877,1,one
2878,1,one
2879,1,one
2880,3,three
2881,1,one
2882,0,zero
2883,0,zero
2884,1,one
2885,3,three
2886,3,three
2887,1,one
2888,3,three
2889,2,two
2890,2,two
2891,2,two
2892,1,one
2893,3,three
2894,1,one
2895,3,three
2896,3,three
2897,1,one
2898,0,zero
2899,2,two
2900,1,one
2901,3,three
2902,2,two
2903,0,zero
2904,1,one
2905,3,three
2906,2,two
2907,0,zero
2908,2,two
2909,0,zero
2910,2,two
2911,2,two
2912,1,one
2913,2,two
2914,0,zero
2915,0,zero
2916,0,zero
2917,0,zero
2918,1,one
2919,0,zero
2920,2,two
2921,0,zero
2922,2,two
2923,3,three
2924,2,two
2925,2,two
2926,0,zero
2927,2,two
2928,1,one
2929,0,zero
2930,2,two
2931,0,zero
2932,0,zero
2933,2,two
2934,3,three
2935,1,one
2936,3,three
2937,2,two
2938,0,zero
2939,1,one
2940,3,three
2941,3,three
2942,1,one
2943,1,one
2944,0,zero
2945,2,two
2946,1,one
2947,2,two
2948,1,one
2949,3,three
2950,1,one
2951,2,two
2952,3,three
2953,3,three
2954,0,zero
2955,2,two
2956,3,three
2957,2,two
2958,2,two
2959,1,one
2960,0,zero
2961,1,one
2962,2,two
2963,1,one
2964,0,zero
2965,0,zero
2966,2,two
2967,3,three
2968,1,one
2969,1,one
2970,1,one
2971,0,zero
2972,3,three
2973,2,two
2974,1,one
2975,3,three
2976,1,one
2977,3,three
2978,1,one
2979,0,zero
2980,2,two
2981,3,three
2982,1,one
2983,2,two
2984,3,three
2985,1,one
2986,0,zero
2987,1,one
2988,3,three
2989,1,one
2990,0,zero
2991,3,three
2992,3,three
2993,2,two
2994,3,three
2995,0,zero
2996,3,three
2997,2,two
2998,3,three
2999,0,zero
3000,1,one
3001,1,one
3002,3,three
3003,2,two
3004,3,three
3005,1,one
3006,3,three
3007,0,zero
3008,1,one
3009,0,zero
3010,2,two
3011,2,two
3012,0,zero
3013,0,zero
3014,2,two
3015,0,zero
3016,1,one
3017,0,zero
3018,3,three
3019,3,three
3020,2,two
3021,1,one
3022,2,two
3023,3,three
3024,1,one
3025,2,two
3026,0,zero
3027,0,zero
3028,3,three
3029,2,two
3030,1,one
3031,3,three
3032,3,three
3033,3,three
3034,1,one
3035,3,three
3036,3,three
3037,3,three
3038,1,one
3039,0,zero
3040,0,zero
3041,3,three
3042,3,three
3043,1,one
3044,0,zero
3045,3,three
3046,3,three
3047,3,three
3048,3,three
3049,0,zero
3050,0,zero
3051,3,three
3052,1,one
3053,0,zero
3054,0,zero
3055,0,zero
3056,0,zero
3057,0,zero
3058,3,three
3059,0,zero
3060,2,two
3061,1,one
3062,0,zero
3063,0,zero
3064,2,two
3065,3,three
3066,2,two
3067,3,three
3068,2,two
3069,0,zero
3070,3,three
3071,1,one
3072,2,two
3073,0,zero
3074,1,one
3075,1,one
3076,3,three
3077,2,two
3078,0,zero
3079,3,three
3080,3,three
3081,3,three
3082,1,one
3083,2,two
3084,2,two
3085,3,three
3086,1,one
3087,2,two
3088,3,three
3089,2,two
3090,3,three
3091,0,zero
3092,0,zero
3093,1,one
3094,3,three
3095,2,two
3096,1,one
3097,1,one
3098,2,two
3099,0,zero
3100,1,one
3101,1,one
3102,1,one
3103,1,one
3104,3,three
3105,2,two
3106,1,one
3107,2,two
3108,2,two
3109,0,zero
3110,0,zero
3111,3,three
3112,1,one
3113,1,one
3114,1,one
3115,1,one
3116,0,zero
3117,1,one
3118,3,three
3119,1,one
3120,3,three
3121,1,one
3122,3,three
3123,1,one
3124,2,two
3125,1,one
3126,2,two
3127,0,zero
3128,3,three
3129,2,two
3130,2,two
3131,3,three
3132,2,two
3133,0,zero
3134,2,two
3135,0,zero
3136,0,zero
3137,0,zero
3138,0,zero
3139,0,zero
3140,0,zero
3141,3,three
3142,2,two
3143,1,one
3144,1,one
3145,2,two
3146,3,three
3147,2,two
3148,1,one
3149,3,three
3150,0,zero
3151,1,one
3152,1,one
3153,0,zero
3154,2,two
3155,0,zero
3156,1,one
3157,1,one
3158,2,two
3159,3,three
3160,1,one
3161,2,two
3162,3,three
3163,1,one
3164,2,two
3165,3,three
3166,0,zero
3167,2,two
3168,1,one
3169,2,two
3170,0,zero
3171,2,two
3172,2,two
3173,1,one
3174,2,two
3175,3,three
3176,1,one
3177,0,zero
3178,0,zero
3179,2,two
3180,2,two
3181,1,one
3182,3,three
3183,2,two
3184,0,zero
3185,2,two
3186,1,one
3187,0,zero
3188,3,three
3189,2,two
3190,0,zero
3191,0,zero
3192,2,two
3193,1,one
3194,0,zero
3195,3,three
3196,1,one
3197,1,one
3198,0,zero
3199,3,three
3200,1,one
3201,2,two
3202,0,zero
3203,2,two
3204,0,zero
3205,3,three
3206,3,three
3207,3,three
3208,1,one
3209,0,zero
3210,1,one
3211,3,three
3212,1,one
3213,2,two
3214,1,one
3215,2,two
3216,3,three
3217,3,three
3218,1,one
3219,0,zero
3220,3,three
3221,0,zero
3222,3,three
3223,1,one
3224,1,one
3225,3,three
3226,0,zero
3227,1,one
3228,2,two
3229,1,one
3230,1,one
3231,3,three
3232,0,zero
3233,2,two
3234,2,two
3235,0,zero
3236,0,zero
3237,2,two
3238,1,one
3239,0,zero
3240,3,three
3241,1,one
3242,3,three
3243,2,two
3244,3,three
3245,1,one
3246,2,two
3247,3,three
3248,0,zero
3249,3,three
3250,1,one
3251,2,two
3252,1,one
3253,0,zero
3254,3,three
3255,2,two
3256,0,zero
3257,3,three
3258,1,one
3259,3,three
3260,3,three
3261,2,two
3262,3,three
3263,3,three
3264,0,zero
3265,2,two
3266,2,two
3267,1,one
3268,1,one
3269,1,one
3270,1,one
3271,2,two
3272,3,three
3273,3,three
3274,2,two
3275,0,zero
3276,1,one
3277,1,one
3278,0,zero
3279,2,two
3280,3,three
3281,1,one
3282,2,two
3283,2,two
3284,0,zero
3285,1,one
3286,0,zero
3287,1,one
3288,3,three
3289,1,one
3290,1,one
3291,0,zero
3292,1,one
3293,2,two
3294,1,one
3295,2,two
3296,0,zero
3297,3,three
3298,2,two
3299,3,three
3300,2,two
3301,2,two
3302,0,zero
3303,2,two
3304,3,three
3305,1,one
3306,2,two
3307,0,zero
3308,1,one
3309,1,one
3310,2,two
3311,3,three
3312,2,two
3313,3,three
3314,3,three
3315,2,two
3316,3,three
3317,3,three
3318,3,three
3319,2,two
3320,3,three
3321,1,one
3322,2,two
3323,0,zero
3324,2,two
3325,0,zero
3326,1,one
3327,0,zero
3328,1,one
3329,2,two
3330,2,two
3331,0,zero
3332,2,two
3333,0,zero
3334,3,three
3335,0,zero
3336,0,zero
3337,1,one
3338,1,one
3339,1,one
3340,0,zero
3341,3,three
3342,0,zero
3343,2,two
3344,1,one
3345,2,two
3346,2,two
3347,1,one
3348,1,one
3349,2,two
3350,1,one
3351,1,one
3352,3,three
3353,1,one
3354,3,three
3355,2,two
3356,3,three
3357,2,two
3358,2,two
3359,1,one
3360,2,two
3361,1,one
3362,2,two
3363,1,one
3364,1,one
3365,1,one
3366,2,two
3367,3,three
3368,1,one
3369,0,zero
3370,0,zero
3371,1,one
3372,1,one
3373,1,one
3374,1,one
3375,2,two
3376,0,zero
3377,1,one
3378,3,three
3379,2,two
3380,3,three
3381,3,three
3382,0,zero
3383,0,zero
3384,1,one
3385,2,two
3386,3,three
3387,0,zero
3388,2,two
3389,3,three
3390,3,three
3391,0,zero
3392,3,three
3393,3,three
3394,2,two
3395,3,three
3396,3,three
3397,3,three
3398,3,three
3399,2,two
3400,2,two
3401,2,two
3402,3,three
3403,1,one
3404,2,two
3405,1,one
3406,0,zero
3407,2,two
3408,3,three
3409,0,zero
3410,1,one
3411,0,zero
3412,2,two
3413,3,three
3414,3,three
3415,3,three
3416,0,zero
3417,1,one
3418,1,one
3419,2,two
3420,1,one
3421,2,two
3422,2,two
3423,0,zero
3424,0,zero
3425,3,three
3426,2,two
3427,3,three
3428,1,one
3429,0,zero
3430,1,one
3431,3,three
3432,1,one
3433,2,two
3434,3,three
3435,1,one
3436,3,three
3437,3,three
3438,0,zero
3439,2,two
3440,3,three
3441,3,three
3442,2,two
3443,0,zero
3444,2,two
3445,0,zero
3446,3,three
3447,0,zero
3448,2,two
3449,1,one
3450,0,zero
3451,2,two
3452,1,one
3453,1,one
3454,1,one
3455,0,zero
3456,1,one
3457,0,zero
3458,3,three
3459,1,one
3460,2,two
3461,3,three
3462,0,zero
3463,0,zero
3464,2,two
3465,0,zero
3466,3,three
3467,2,two
3468,1,one
3469,2,two
3470,2,two
3471,3,three
3472,1,one
3473,2,two
3474,0,zero
3475,2,two
3476,1,one
3477,3,three
3478,1,one
3479,2,two
3480,2,two
3481,2,two
3482,3,three
3483,1,one
3484,3,three
3485,2,two
3486,1,one
3487,1,one
3488,0,zero
3489,3,three
3490,0,zero
3491,0,zero
3492,3,three
3493,0,zero
3494,2,two
3495,1,one
3496,0,zero
3497,1,one
3498,0,zero
3499,3,three
3500,3,three
3501,2,two
3502,1,one
3503,2,two
3504,3,three
3505,2,two
3506,1,one
3507,1,one
3508,1,one
3509,0,zero
3510,1,one
3511,2,two
3512,3,three
3513,0,zero
3514,2,two
3515,2,two
3516,1,one
3517,2,two
3518,1,one
3519,2,two
3520,1,one
3521,3,three
3522,2,two
3523,3,three
3524,2,two
3525,0,zero
3526,1,one
3527,3,three
3528,0,zero
3529,3,three
3530,1,one
3531,0,zero
3532,0,zero
3533,1,one
3534,1,one
3535,0,zero
3536,1,one
3537,3,three
3538,2,two
3539,0,zero
3540,2,two
3541,2,two
3542,3,three
3543,3,three
3544,2,two
3545,0,zero
3546,2,two
3547,1,one
3548,0,zero
3549,1,one
3550,2,two
3551,1,one
3552,1,one
3553,2,two
3554,2,two
3555,1,one
3556,0,zero
3557,3,three
3558,0,zero
3559,3,three
3560,2,two
3561,1,one
3562,3,three
3563,1,one
3564,3,three
3565,3,three
3566,3,three
3567,3,three
3568,3,three
3569,1,one
3570,2,two
3571,2,two
3572,1,one
3573,0,zero
3574,3,three
3575,2,two
3576,2,two
3577,2,two
3578,3,three
3579,1,one
3580,0,zero
3581,0,zero
3582,3,three
3583,1,one
3584,0,zero
3585,1,one
3586,0,zero
3587,1,one
3588,1,one
3589,3,three
3590,1,one
3591,3,three
3592,1,one
3593,2,two
3594,3,three
3595,0,zero
3596,2,two
3597,0,zero
3598,1,one
3599,3,three
3600,0,zero
3601,1,one
3602,1,one
3603,1,one
3604,0,zero
3605,3,three
3606,2,two
3607,1,one
3608,1,one
3609,0,zero
3610,2,two
3611,1,one
3612,0,zero
3613,0,zero
3614,1,one
3615,3,three
3616,1,one
3617,0,zero
3618,3,three
3619,2,two
3620,2,two
3621,1,one
3622,0,zero
3623,1,one
3624,0,zero
3625,1,one
3626,1,one
3627,0,zero
3628,3,three
3629,3,three
3630,1,one
3631,0,zero
3632,1,one
3633,1,one
3634,1,one
3635,2,two
3636,3,three
3637,3,three
3638,1,one
3639,3,three
3640,1,one
3641,3,three
3642,2,two
3643,3,three
3644,1,one
3645,2,two
3646,1,one
3647,0,zero
3648,3,three
3649,2,two
3650,1,one
3651,1,one
3652,0,zero
3653,2,two
3654,0,zero
3655,0,zero
3656,3,three
3657,3,three
3658,2,two
3659,0,zero
3660,0,zero
3661,2,two
3662,0,zero
3663,0,zero
3664,3,three
3665,1,one
3666,2,two
3667,3,three
3668,3,three
3669,1,one
3670,2,two
3671,2,two
3672,1,one
3673,2,two
3674,0,zero
3675,0,zero
3676,0,zero
3677,3,three
3678,0,zero
3679,2,two
3680,1,one
3681,3,three
3682,1,one
3683,2,two
3684,1,one
3685,3,three
3686,1,one
3687,0,zero
3688,0,zero
3689,1,one
3690,2,two
3691,0,zero
3692,3,three
3693,0,zero
3694,1,one
3695,0,zero
3696,0,zero
3697,1,one
3698,3,three
3699,2,two
3700,0,zero
3701,1,one
3702,2,two
3703,1,one
3704,1,one
3705,3,three
3706,2,two
3707,2,two
3708,1,one
3709,1,one
3710,0,zero
3711,0,zero
3712,1,one
3713,1,one
3714,3,three
3715,2,two
3716,2,two
3717,0,zero
3718,1,one
3719,0,zero
3720,3,three
3721,2,two
3722,3,three
3723,1,one
3724,0,zero
3725,1,one
3726,3,three
3727,3,three
3728,1,one
3729,0,zero
3730,1,one
3731,2,two
3732,3,three
3733,0,zero
3734,0,zero
3735,0,zero
3736,1,one
3737,0,zero
3738,3,three
3739,3,three
3740,2,two
3741,0,zero
3742,0,zero
3743,2,two
3744,0,zero
3745,3,three
3746,1,one
3747,1,one
3748,2,two
3749,1,one
3750,3,three
3751,0,zero
3752,0,zero
3753,1,one
3754,3,three
3755,3,three
3756,0,zero
3757,2,two
3758,0,zero
3759,1,one
3760,2,two
3761,3,three
3762,2,two
3763,3,three
3764,0,zero
3765,0,zero
3766,2,two
3767,2,two
3768,1,one
3769,3,three
3770,3,three
3771,3,three
3772,2,two
3773,0,zero
3774,3,three
3775,2,two
3776,3,three
3777,2,two
3778,3,three
3779,0,zero
3780,1,one
3781,0,zero
3782,0,zero
3783,2,two
3784,1,one
3785,2,two
3786,2,two
3787,2,two
3788,1,one
3789,0,zero
3790,3,three
3791,1,one
3792,3,three
3793,0,zero
3794,3,three
3795,3,three
3796,1,one
3797,0,zero
3798,3,three
3799,0,zero
3800,2,two
3801,1,one
3802,1,one
3803,2,two
3804,1,one
3805,2,two
3806,1,one
3807,3,three
3808,0,zero
3809,3,three
3810,1,one
3811,0,zero
3812,1,one
3813,2,two
3814,2,two
3815,1,one
3816,3,three
3817,2,two
3818,2,two
3819,0,zero
3820,0,zero
3821,1,one
3822,0,zero
3823,2,two
3824,1,one
3825,3,three
3826,0,zero
3827,1,one
3828,3,three
3829,1,one
3830,3,three
3831,0,zero
3832,0,zero
3833,0,zero
3834,0,zero
3835,2,two
3836,3,three
3837,0,zero
3838,1,one
3839,1,one
3840,3,three
3841,0,zero
3842,2,two
3843,2,two
3844,2,two
3845,2,two
3846,0,zero
3847,3,three
3848,3,three
3849,2,two
3850,3,three
3851,1,one
3852,1,one
3853,0,zero
3854,3,three
3855,3,three
3856,2,two
3857,3,three
3858,3,three
3859,2,two
3860,3,three
3861,3,three
3862,0,zero
3863,1,one
3864,0,zero
3865,2,two
3866,3,three
3867,2,two
3868,0,zero
3869,0,zero
3870,0,zero
3871,3,three
3872,3,three
3873,2,two
3874,3,three
3875,0,zero
3876,3,three
3877,2,two
3878,0,zero
3879,1,one
3880,1,one
3881,1,one
3882,3,three
3883,1,one
3884,0,zero
3885,3,three
3886,2,two
3887,0,zero
3888,0,zero
3889,2,two
3890,3,three
3891,2,two
3892,0,zero
3893,1,one
3894,3,three
3895,0,zero
3896,1,one
3897,1,one
3898,2,two
3899,3,three
3900,0,zero
3901,3,three
3902,0,zero
3903,3,three
3904,2,two
3905,2,two
3906,0,zero
3907,3,three
3908,1,one
3909,2,two
3910,2,two
3911,2,two
3912,1,one
3913,3,three
3914,1,one
3915,0,zero
3916,1,one
3917,2,two
3918,2,two
3919,2,two
3920,3,three
3921,0,zero
3922,3,three
3923,0,zero
3924,2,two
3925,0,zero
3926,2,two
3927,3,three
3928,1,one
3929,3,three
3930,1,one
3931,2,two
3932,0,zero
3933,0,zero
3934,0,zero
3935,0,zero
3936,0,zero
3937,0,zero
3938,2,two
3939,2,two
3940,3,three
3941,3,three
3942,3,three
3943,1,one
3944,1,one
3945,1,one
3946,1,one
3947,1,one
3948,1,one
3949,3,three
3950,2,two
3951,1,one
3952,2,two
3953,1,one
3954,0,zero
3955,0,zero
3956,2,two
3957,2,two
3958,3,three
3959,1,one
3960,1,one
3961,0,zero
3962,2,two
3963,2,two
3964,3,three
3965,2,two
3966,2,two
3967,0,zero
3968,3,three
3969,1,one
3970,0,zero
3971,1,one
3972,3,three
3973,1,one
3974,3,three
3975,3,three
3976,1,one
3977,1,one
3978,1,one
3979,1,one
3980,0,zero
3981,3,three
3982,2,two
3983,3,three
3984,2,two
3985,2,two
3986,1,one
3987,0,zero
3988,2,two
3989,1,one
3990,0,zero
3991,3,three
3992,1,one
3993,2,two
3994,1,one
3995,2,two
3996,3,three
3997,0,zero
3998,0,zero
3999,3,three
4000,1,one
4001,0,zero
4002,2,two
4003,2,two
4004,3,three
4005,2,two
4006,2,two
4007,2,two
4008,2,two
4009,2,two
4010,0,zero
4011,0,zero
4012,0,zero
4013,1,one
4014,3,three
4015,1,one
4016,0,zero
4017,0,zero
4018,3,three
4019,0,zero
4020,0,zero
4021,0,zero
4022,0,zero
4023,1,one
4024,0,zero
4025,0,zero
4026,3,three
4027,1,one
4028,2,two
4029,3,three
4030,3,three
4031,0,zero
4032,2,two
4033,2,two
4034,0,zero
4035,0,zero
4036,0,zero
4037,3,three
4038,2,two
4039,1,one
4040,3,three
4041,2,two
4042,3,three
4043,1,one
4044,1,one
4045,3,three
4046,2,two
4047,0,zero
4048,2,two
4049,0,zero
4050,0,zero
4051,3,three
4052,1,one
4053,2,two
4054,1,one
4055,2,two
4056,0,zero
4057,1,one
4058,1,one
4059,2,two
4060,2,two
4061,1,one
4062,0,zero
4063,3,three
4064,3,three
4065,1,one
4066,3,three
4067,1,one
4068,1,one
4069,1,one
4070,2,two
4071,2,two
4072,3,three
4073,2,two
4074,0,zero
4075,3,three
4076,2,two
4077,1,one
4078,0,zero
4079,0,zero
4080,2,two
4081,1,one
4082,0,zero
4083,0,zero
4084,3,three
4085,1,one
4086,0,zero
4087,0,zero
4088,1,one
4089,0,zero
4090,0,zero
4091,3,three
4092,1,one
4093,3,three
4094,1,one
4095,0,zero
4096,0,zero
4097,1,one
4098,2,two
4099,0,zero
4100,3,three
4101,2,two
4102,2,two
4103,3,three
4104,0,zero
4105,2,two
4106,0,zero
4107,2,two
4108,3,three
4109,2,two
4110,0,zero
4111,0,zero
4112,0,zero
4113,2,two
4114,2,two
4115,3,three
4116,1,one
4117,1,one
4118,1,one
4119,3,three
4120,0,zero
4121,0,zero
4122,2,two
4123,1,one
4124,0,zero
4125,2,two
4126,2,two
4127,2,two
4128,2,two
4129,2,two
4130,3,three
4131,1,one
4132,1,one
4133,0,zero
4134,3,three
4135,0,zero
4136,1,one
4137,3,three
4138,3,three
4139,1,one
4140,1,one
4141,2,two
4142,2,two
4143,1,one
4144,2,two
4145,1,one
4146,0,zero
4147,2,two
4148,3,three
4149,2,two
4150,3,three
4151,2,two
4152,1,one
4153,2,two
4154,3,three
4155,2,two
4156,3,three
4157,3,three
4158,0,zero
4159,3,three
4160,2,two
4161,1,one
4162,3,three
4163,2,two
4164,0,zero
4165,2,two
4166,2,two
4167,0,zero
4168,2,two
4169,1,one
4170,2,two
4171,0,zero
4172,0,zero
4173,1,one
4174,3,three
4175,0,zero
4176,1,one
4177,3,three
4178,0,zero
4179,3,three
4180,1,one
4181,3,three
4182,1,one
4183,3,three
4184,0,zero
4185,0,zero
4186,0,zero
4187,1,one
4188,1,one
4189,0,zero
4190,1,one
4191,0,zero
4192,2,two
4193,1,one
4194,1,one
4195,2,two
4196,1,one
4197,3,three
4198,3,three
4199,3,three
4200,2,two
4201,3,three
4202,1,one
4203,0,zero
4204,0,zero
4205,0,zero
4206,2,two
4207,0,zero
4208,3,three
4209,2,two
4210,0,zero
4211,3,three
4212,1,one
4213,0,zero
4214,2,two
4215,2,two
4216,3,three
4217,0,zero
4218,0,zero
4219,2,two
4220,0,zero
4221,2,two
4222,3,three
4223,3,three
4224,1,one
4225,3,three
4226,2,two
4227,0,zero
4228,1,one
4229,3,three
4230,2,two
4231,2,two
4232,1,one
4233,0,zero
4234,2,two
4235,0,zero
4236,0,zero
4237,0,zero
4238,0,zero
4239,2,two
4240,1,one
4241,3,three
4242,1,one
4243,2,two
4244,2,two
4245,0,zero
4246,1,one
4247,3,three
4248,3,three
4249,2,two
4250,0,zero
4251,0,zero
4252,2,two
4253,3,three
4254,2,two
4255,2,two
4256,0,zero
4257,3,three
4258,0,zero
4259,2,two
4260,1,one
4261,1,one
4262,3,three
4263,0,zero
4264,2,two
4265,0,zero
4266,3,three
4267,0,zero
4268,1,one
4269,0,zero
4270,3,three
4271,2,two
4272,1,one
4273,3,three
4274,0,zero
4275,3,three
4276,1,one
4277,0,zero
4278,2,two
4279,0,zero
4280,1,one
4281,2,two
4282,3,three
4283,0,zero
4284,3,three
4285,1,one
4286,3,three
4287,1,one
4288,0,zero
4289,2,two
4290,2,two
4291,3,three
4292,2,two
4293,3,three
4294,3,three
4295,1,one
4296,3,three
4297,2,two
4298,1,one
4299,3,three
4300,3,three
4301,1,one
4302,1,one
4303,3,three
4304,2,two
4305,3,three
4306,2,two
4307,2,two
4308,0,zero
4309,0,zero
4310,1,one
4311,1,one
4312,1,one
4313,0,zero
4314,1,one
4315,0,zero
4316,3,three
4317,1,one
4318,3,three
4319,3,three
4320,2,two
4321,2,two
4322,3,three
4323,0,zero
4324,2,two
4325,1,one
4326,1,one
4327,1,one
4328,2,two
4329,2,two
4330,0,zero
4331,3,three
4332,2,two
4333,0,zero
4334,0,zero
4335,2,two
4336,0,zero
4337,1,one
4338,0,zero
4339,3,three
4340,2,two
4341,1,one
4342,1,one
4343,0,zero
4344,3,three
4345,2,two
4346,0,zero
4347,3,three
4348,1,one
4349,2,two
4350,2,two
4351,2,two
4352,0,zero
4353,3,three
4354,0,zero
4355,0,zero
4356,2,two
4357,0,zero
4358,2,two
4359,1,one
4360,2,two
4361,0,zero
4362,1,one
4363,0,zero
4364,2,two
4365,0,zero
4366,2,two
4367,2,two
4368,3,three
4369,0,zero
4370,0,zero
4371,3,three
4372,0,zero
4373,1,one
4374,0,zero
4375,0,zero
4376,2,two
4377,2,two
4378,1,one
4379,3,three
4380,1,one
4381,3,three
4382,3,three
4383,1,one
4384,1,one
4385,2,two
4386,1,one
4387,1,one
4388,3,three
4389,2,two
4390,0,zero
4391,0,zero
4392,2,two
4393,1,one
4394,2,two
4395,0,zero
4396,3,three
4397,2,two
4398,0,zero
4399,2,two
4400,3,three
4401,0,zero
4402,1,one
4403,0,zero
4404,3,three
4405,2,two
4406,1,one
4407,0,zero
4408,1,one
4409,0,zero
4410,3,three
4411,2,two
4412,2,two
4413,3,three
4414,2,two
4415,1,one
4416,3,three
4417,2,two
4418,2,two
4419,1,one
4420,3,three
4421,0,zero
4422,0,zero
4423,2,two
4424,2,two
4425,0,zero
4426,2,two
4427,3,three
4428,3,three
4429,2,two
4430,0,zero
4431,2,two
4432,2,two
4433,1,one
4434,3,three
4435,1,one
4436,0,zero
4437,0,zero
4438,0,zero
4439,2,two
4440,1,one
4441,2,two
4442,1,one
4443,2,two
4444,3,three
4445,3,three
4446,1,one
4447,0,zero
4448,0,zero
4449,1,one
4450,1,one
4451,2,two
4452,2,two
4453,0,zero
4454,0,zero
4455,1,one
4456,3,three
4457,2,two
4458,0,zero
4459,0,zero
4460,0,zero
4461,0,zero
4462,2,two
4463,3,three
4464,1,one
4465,3,three
4466,3,three
4467,3,three
4468,0,zero
4469,3,three
4470,0,zero
4471,3,three
4472,3,three
4473,3,three
4474,0,zero
4475,3,three
4476,1,one
4477,0,zero
4478,2,two
4479,2,two
4480,1,one
4481,3,three
4482,2,two
4483,2,two
4484,3,three
4485,0,zero
4486,3,three
4487,2,two
4488,3,three
4489,3,three
4490,2,two
4491,0,zero
4492,0,zero
4493,2,two
4494,0,zero
4495,2,two
4496,3,three
4497,3,three
4498,3,three
4499,3,three
4500,1,one
4501,3,three
4502,3,three
4503,1,one
4504,2,two
4505,3,three
4506,0,zero
4507,2,two
4508,0,zero
4509,1,one
4510,3,three
4511,3,three
4512,1,one
4513,3,three
4514,3,three
4515,1,one
4516,3,three
4517,3,three
4518,2,two
4519,3,three
4520,0,zero
4521,2,two
4522,3,three
4523,0,zero
4524,0,zero
4525,0,zero
4526,1,one
4527,2,two
4528,0,zero
4529,1,one
4530,0,zero
4531,3,three
4532,0,zero
4533,0,zero
4534,1,one
4535,2,two
4536,3,three
4537,2,two
4538,1,one
4539,0,zero
4540,1,one
4541,1,one
4542,0,zero
4543,0,zero
4544,2,two
4545,3,three
4546,3,three
4547,0,zero
4548,3,three
4549,3,three
4550,3,three
4551,0,zero
4552,2,two
4553,2,two
4554,0,zero
4555,0,zero
4556,1,one
4557,1,one
4558,3,three
4559,0,zero
4560,1,one
4561,1,one
4562,3,three
4563,2,two
4564,3,three
4565,1,one
4566,1,one
4567,3,three
4568,3,three
4569,0,zero
4570,3,three
4571,0,zero
4572,1,one
4573,1,one
4574,0,zero
4575,0,zero
4576,2,two
4577,1,one
4578,2,two
4579,3,three
4580,0,zero
4581,0,zero
4582,1,one
4583,3,three
4584,1,one
4585,1,one
4586,2,two
4587,0,zero
4588,1,one
4589,3,three
4590,3,three
4591,1,one
4592,0,zero
4593,3,three
4594,0,zero
4595,1,one
4596,1,one
4597,1,one
4598,2,two
4599,1,one
4600,0,zero
4601,2,two
4602,0,zero
4603,1,one
4604,0,zero
4605,2,two
4606,1,one
4607,3,three
4608,2,two
4609,1,one
4610,0,zero
4611,2,two
4612,1,one
4613,1,one
4614,2,two
4615,1,one
4616,0,zero
4617,0,zero
4618,3,three
4619,3,three
4620,0,zero
4621,1,one
4622,1,one
4623,3,three
4624,1,one
4625,2,two
4626,3,three
4627,1,one
4628,0,zero
4629,2,two
4630,3,three
4631,0,zero
4632,2,two
4633,0,zero
4634,0,zero
4635,2,two
4636,0,zero
4637,1,one
4638,3,three
4639,0,zero
4640,1,one
4641,3,three
4642,1,one
4643,2,two
4644,3,three
4645,2,two
4646,1,one
4647,1,one
4648,0,zero
4649,0,zero
4650,0,zero
4651,2,two
4652,1,one
4653,0,zero
4654,1,one
4655,0,zero
4656,3,three
4657,2,two
4658,0,zero
4659,1,one
4660,2,two
4661,1,one
4662,3,three
4663,2,two
4664,2,two
4665,0,zero
4666,1,one
4667,0,zero
4668,0,zero
4669,3,three
4670,1,one
4671,1,one
4672,0,zero
4673,3,three
4674,2,two
4675,3,three
4676,3,three
4677,0,zero
4678,0,zero
4679,0,zero
4680,0,zero
4681,0,zero
4682,0,zero
4683,3,three
4684,2,two
4685,3,three
4686,0,zero
4687,1,one
4688,2,two
4689,3,three
4690,3,three
4691,2,two
4692,0,zero
4693,2,two
4694,3,three
4695,1,one
4696,3,three
4697,2,two
4698,0,zero
4699,0,zero
4700,2,two
4701,0,zero
4702,2,two
4703,2,two
4704,2,two
4705,0,zero
4706,3,three
4707,1,one
4708,2,two
4709,1,one
4710,3,three
4711,1,one
4712,2,two
4713,1,one
4714,3,three
4715,3,three
4716,2,two
4717,0,zero
4718,1,one
4719,2,two
4720,1,one
4721,3,three
4722,0,zero
4723,1,one
4724,2,two
4725,1,one
4726,0,zero
4727,0,zero
4728,1,one
4729,1,one
4730,0,zero
4731,3,three
4732,1,one
4733,3,three
4734,0,zero
4735,2,two
4736,0,zero
4737,3,three
4738,2,two
4739,0,zero
4740,0,zero
4741,2,two
4742,3,three
4743,0,zero
4744,3,three
4745,1,one
4746,1,one
4747,0,zero
4748,2,two
4749,2,two
4750,2,two
4751,3,three
4752,1,one
4753,3,three
4754,0,zero
4755,3,three
4756,3,three
4757,3,three
4758,1,one
4759,2,two
4760,0,zero
4761,3,three
4762,2,two
4763,3,three
4764,2,two
4765,3,three
4766,1,one
4767,2,two
4768,1,one
4769,0,zero
4770,3,three
4771,0,zero
4772,2,two
4773,1,one
4774,3,three
4775,3,three
4776,3,three
4777,1,one
4778,0,zero
4779,1,one
4780,2,two
4781,1,one
4782,3,three
4783,2,two
4784,1,one
4785,2,two
4786,2,two
4787,0,zero
4788,1,one
4789,2,two
4790,0,zero
4791,1,one
4792,0,zero
4793,2,two
4794,0,zero
4795,2,two
4796,0,zero
4797,0,zero
4798,1,one
4799,1,one
4800,3,three
4801,1,one
4802,2,two
4803,1,one
4804,2,two
4805,3,three
4806,2,two
4807,1,one
4808,2,two
4809,1,one
4810,0,zero
4811,2,two
4812,3,three
4813,0,zero
4814,2,two
4815,2,two
4816,2,two
4817,0,zero
4818,1,one
4819,2,two
4820,3,three
4821,3,three
4822,1,one
4823,0,zero
4824,0,zero
4825,2,two
4826,0,zero
4827,3,three
4828,3,three
4829,1,one
4830,2,two
4831,3,three
4832,2,two
4833,3,three
4834,2,two
4835,0,zero
4836,0,zero
4837,1,one
4838,1,one
4839,0,zero
4840,1,one
4841,1,one
4842,2,two
4843,3,three
4844,2,two
4845,2,two
4846,3,three
4847,0,zero
4848,0,zero
4849,0,zero
4850,1,one
4851,0,zero
4852,0,zero
4853,1,one
4854,3,three
4855,2,two
4856,0,zero
4857,1,one
4858,1,one
4859,1,one
4860,3,three
4861,3,three
4862,2,two
4863,1,one
4864,1,one
4865,3,three
4866,1,one
4867,0,zero
4868,2,two
4869,1,one
4870,2,two
4871,2,two
4872,3,three
4873,1,one
4874,0,zero
4875,0,zero
4876,0,zero
4877,1,one
4878,3,three
4879,1,one
4880,2,two
4881,1,one
4882,0,zero
4883,2,two
4884,0,zero
4885,3,three
4886,0,zero
4887,3,three
4888,1,one
4889,2,two
4890,3,three
4891,3,three
4892,1,one
4893,1,one
4894,2,two
4895,3,three
4896,3,three
4897,2,two
4898,0,zero
4899,2,two
4900,3,three
4901,3,three
4902,2,two
4903,3,three
4904,3,three
4905,2,two
4906,3,three
4907,3,three
4908,2,two
4909,1,one
4910,3,three
4911,3,three
4912,2,two
4913,3,three
4914,1,one
4915,2,two
4916,3,three
4917,1,one
4918,0,zero
4919,1,one
4920,1,one
4921,1,one
4922,1,one
4923,1,one
4924,1,one
4925,0,zero
4926,0,zero
4927,2,two
4928,2,two
4929,1,one
4930,0,zero
4931,1,one
4932,3,three
4933,2,two
4934,2,two
4935,3,three
4936,0,zero
4937,3,three
4938,0,zero
4939,2,two
4940,3,three
4941,1,one
4942,3,three
4943,3,three
4944,0,zero
4945,3,three
4946,1,one
4947,2,two
4948,3,three
4949,0,zero
4950,3,three
4951,1,one
4952,3,three
4953,2,two
4954,0,zero
4955,0,zero
4956,1,one
4957,0,zero
4958,1,one
4959,1,one
4960,1,one
4961,1,one
4962,1,one
4963,2,two
4964,0,zero
4965,3,three
4966,1,one
4967,0,zero
4968,1,one
4969,0,zero
4970,3,three
4971,0,zero
4972,0,zero
4973,3,three
4974,1,one
4975,0,zero
4976,0,zero
4977,1,one
4978,3,three
4979,2,two
4980,1,one
4981,2,two
4982,2,two
4983,3,three
4984,2,two
4985,3,three
4986,1,one
4987,2,two
4988,0,zero
4989,1,one
4990,3,three
4991,0,zero
4992,1,one
4993,1,one
4994,3,three
4995,2,two
4996,1,one
4997,0,zero
4998,3,three
4999,1,one
5000,3,three
5001,3,three
5002,1,one
5003,2,two
5004,0,zero
5005,2,two
5006,2,two
5007,0,zero
5008,1,one
5009,3,three
5010,3,three
5011,3,three
5012,0,zero
5013,0,zero
5014,3,three
5015,0,zero
5016,3,three
5017,1,one
5018,2,two
5019,3,three
5020,1,one
5021,3,three
5022,3,three
5023,2,two
5024,1,one
5025,1,one
5026,2,two
5027,3,three
5028,0,zero
5029,0,zero
5030,1,one
5031,3,three
5032,2,two
5033,3,three
5034,1,one
5035,0,zero
5036,3,three
5037,3,three
5038,0,zero
5039,3,three
5040,3,three
5041,1,one
5042,0,zero
5043,2,two
5044,2,two
5045,3,three
5046,2,two
5047,0,zero
5048,2,two
5049,3,three
5050,1,one
5051,1,one
5052,1,one
5053,0,zero
5054,3,three
5055,0,zero
5056,0,zero
5057,0,zero
5058,2,two
5059,1,one
5060,0,zero
5061,0,zero
5062,2,two
5063,0,zero
5064,1,one
5065,0,zero
5066,2,two
5067,2,two
5068,2,two
5069,2,two
5070,3,three
5071,2,two
5072,3,three
5073,3,three
5074,0,zero
5075,0,zero
5076,2,two
5077,3,three
5078,0,zero
5079,2,two
5080,1,one
5081,0,zero
5082,1,one
5083,0,zero
5084,3,three
5085,3,three
5086,0,zero
5087,2,two
5088,3,three
5089,2,two
5090,2,two
5091,2,two
5092,0,zero
5093,2,two
5094,3,three
5095,3,three
5096,2,two
5097,2,two
5098,3,three
5099,2,two
5100,0,zero
5101,3,three
5102,0,zero
5103,0,zero
5104,0,zero
5105,0,zero
5106,0,zero
5107,0,zero
5108,2,two
5109,1,one
5110,2,two
5111,0,zero
5112,0,zero
5113,2,two
5114,0,zero
5115,0,zero
5116,2,two
5117,1,one
5118,1,one
5119,0,zero
5120,0,zero
5121,0,zero
5122,1,one
5123,3,three
5124,3,three
5125,1,one
5126,3,three
5127,1,one
5128,1,one
5129,3,three
5130,2,two
5131,1,one
5132,3,three
5133,1,one
5134,3,three
5135,2,two
5136,2,two
5137,3,three
5138,0,zero
5139,3,three
5140,1,one
5141,1,one
5142,3,three
5143,3,three
5144,2,two
5145,1,one
5146,2,two
5147,3,three
5148,0,zero
5149,2,two
5150,2,two
5151,1,one
5152,0,zero
5153,3,three
5154,2,two
5155,3,three
5156,3,three
5157,3,three
5158,0,zero
5159,2,two
5160,1,one
5161,1,one
5162,1,one
5163,3,three
5164,3,three
5165,0,zero
5166,3,three
5167,3,three
5168,3,three
5169,3,three
5170,1,one
5171,0,zero
5172,1,one
5173,2,two
5174,3,three
5175,3,three
5176,3,three
5177,1,one
5178,1,one
5179,2,two
5180,2,two
5181,2,two
5182,3,three
5183,0,zero
5184,0,zero
5185,1,one
5186,1,one
5187,3,three
5188,1,one
5189,2,two
5190,0,zero
5191,0,zero
5192,2,two
5193,2,two
5194,0,zero
5195,3,three
5196,3,three
5197,1,one
5198,1,one
5199,1,one
5200,1,one
5201,1,one
5202,1,one
5203,1,one
5204,0,zero
5205,3,three
5206,0,zero
5207,1,one
5208,1,one
5209,0,zero
5210,0,zero
5211,1,one
5212,1,one
5213,1,one
5214,2,two
5215,1,one
5216,3,three
5217,3,three
5218,1,one
5219,2,two
5220,2,two
5221,3,three
5222,2,two
5223,2,two
5224,0,zero
5225,3,three
5226,3,three
5227,1,one
5228,1,one
5229,0,zero
5230,0,zero
5231,1,one
5232,1,one
5233,0,zero
5234,1,one
5235,3,three
5236,1,one
5237,1,one
5238,0,zero
5239,0,zero
5240,0,zero
5241,2,two
5242,1,one
5243,0,zero
5244,3,three
5245,2,two
5246,1,one
5247,1,one
5248,2,two
5249,2,two
5250,2,two
5251,0,zero
5252,1,one
5253,0,zero
5254,0,zero
5255,2,two
5256,3,three
5257,2,two
5258,1,one
5259,2,two
5260,2,two
5261,1,one
5262,3,three
5263,1,one
5264,2,two
5265,3,three
5266,3,three
5267,1,one
5268,0,zero
5269,1,one
5270,0,zero
5271,3,three
5272,1,one
5273,2,two
5274,1,one
5275,0,zero
5276,1,one
5277,1,one
5278,0,zero
5279,1,one
5280,0,zero
5281,2,two
5282,2,two
5283,0,zero
5284,2,two
5285,1,one
5286,3,three
5287,0,zero
5288,1,one
5289,1,one
5290,0,zero
5291,3,three
5292,2,two
5293,0,zero
5294,1,one
5295,3,three
5296,0,zero
5297,3,three
5298,0,zero
5299,0,zero
5300,0,zero
5301,1,one
5302,1,one
5303,3,three
5304,3,three
5305,3,three
5306,3,three
5307,1,one
5308,2,two
5309,0,zero
5310,0,zero
5311,0,zero
5312,0,zero
5313,1,one
5314,2,two
5315,1,one
5316,3,three
5317,1,one
5318,3,three
5319,0,zero
5320,2,two
5321,3,three
5322,2,two
5323,3,three
5324,0,zero
5325,2,two
5326,2,two
5327,1,one
5328,3,three
5329,3,three
5330,0,zero
5331,1,one
5332,3,three
5333,0,zero
5334,1,one
5335,1,one
5336,0,zero
5337,1,one
5338,0,zero
5339,2,two
5340,0,zero
5341,3,three
5342,1,one
5343,3,three
5344,2,two
5345,0,zero
5346,3,three
5347,3,three
5348,3,three
5349,1,one
5350,3,three
5351,0,zero
5352,3,three
5353,0,zero
5354,2,two
5355,0,zero
5356,1,one
5357,3,three
5358,1,one
5359,0,zero
5360,1,one
5361,3,three
5362,2,two
5363,0,zero
5364,3,three
5365,3,three
5366,0,zero
5367,1,one
5368,3,three
5369,2,two
5370,3,three
5371,3,three
5372,3,three
5373,1,one
5374,3,three
5375,3,three
5376,0,zero
5377,2,two
5378,2,two
5379,2,two
5380,1,one
5381,3,three
5382,2,two
5383,3,three
5384,0,zero
5385,2,two
5386,0,zero
5387,3,three
5388,3,three
5389,1,one
5390,0,zero
5391,1,one
5392,2,two
5393,0,zero
5394,0,zero
5395,1,one
5396,0,zero
5397,2,two
5398,3,three
5399,1,one
5400,3,three
5401,2,two
5402,2,two
5403,1,one
5404,1,one
5405,0,zero
5406,0,zero
5407,2,two
5408,1,one
5409,1,one
5410,2,two
5411,2,two
5412,1,one
5413,2,two
5414,1,one
5415,3,three
5416,1,one
5417,1,one
5418,1,one
5419,2,two
5420,3,three
5421,1,one
5422,0,zero
5423,2,two
5424,3,three
5425,1,one
5426,1,one
5427,1,one
5428,2,two
5429,0,zero
5430,3,three
5431,2,two
5432,3,three
5433,2,two
5434,2,two
5435,3,three
5436,2,two
5437,2,two
5438,3,three
5439,0,zero
5440,2,two
5441,2,two
5442,0,zero
5443,0,zero
5444,0,zero
5445,0,zero
5446,2,two
5447,0,zero
5448,3,three
5449,3,three
5450,1,one
5451,2,two
5452,0,zero
5453,0,zero
5454,2,two
5455,1,one
5456,2,two
5457,1,one
5458,1,one
5459,3,three
5460,1,one
5461,0,zero
5462,2,two
5463,1,one
5464,1,one
5465,1,one
5466,1,one
5467,1,one
5468,3,three
5469,3,three
5470,0,zero
5471,0,zero
5472,1,one
5473,3,three
5474,1,one
5475,0,zero
5476,0,zero
5477,1,one
5478,2,two
5479,1,one
5480,2,two
5481,1,one
5482,3,three
5483,3,three
5484,2,two
5485,1,one
5486,2,two
5487,3,three
5488,3,three
5489,0,zero
5490,1,one
5491,3,three
5492,1,one
5493,3,three
5494,3,three
5495,3,three
5496,0,zero
5497,1,one
5498,2,two
5499,1,one
5500,3,three
5501,2,two
5502,3,three
5503,1,one
5504,3,three
5505,0,zero
5506,0,zero
5507,2,two
5508,1,one
5509,2,two
5510,0,zero
5511,0,zero
5512,2,two
5513,1,one
5514,0,zero
5515,1,one
5516,1,one
5517,2,two
5518,1,one
5519,1,one
5520,1,one
5521,3,three
5522,3,three
5523,1,one
5524,1,one
5525,0,zero
5526,3,three
5527,3,three
5528,0,zero
5529,1,one
5530,3,three
5531,0,zero
5532,1,one
5533,2,two
5534,0,zero
5535,2,two
5536,2,two
5537,3,three
5538,2,two
5539,0,zero
5540,1,one
5541,2,two
5542,0,zero
5543,1,one
5544,2,two
5545,1,one
5546,0,zero
5547,3,three
5548,3,three
5549,3,three
5550,0,zero
5551,3,three
5552,0,zero
5553,1,one
5554,3,three
5555,1,one
5556,2,two
5557,3,three
5558,0,zero
5559,3,three
5560,1,one
5561,3,three
5562,2,two
5563,1,one
5564,3,three
5565,2,two
5566,3,three
5567,3,three
5568,3,three
5569,0,zero
5570,2,two
5571,3,three
5572,1,one
5573,0,zero
5574,2,two
5575,2,two
5576,3,three
5577,3,three
5578,1,one
5579,1,one
5580,1,one
5581,1,one
5582,2,two
5583,3,three
5584,0,zero
5585,3,three
5586,1,one
5587,0,zero
5588,0,zero
5589,2,two
5590,3,three
5591,2,two
5592,0,zero
5593,0,zero
5594,1,one
5595,1,one
5596,2,two
5597,1,one
5598,3,three
5599,0,zero
5600,1,one
5601,0,zero
5602,1,one
5603,0,zero
5604,0,zero
5605,3,three
5606,1,one
5607,3,three
5608,3,three
5609,0,zero
5610,1,one
5611,2,two
5612,2,two
5613,0,zero
5614,2,two
5615,3,three
5616,3,three
5617,0,zero
5618,2,two
5619,3,three
5620,3,three
5621,3,three
5622,1,one
5623,0,zero
5624,2,two
5625,0,zero
5626,3,three
5627,2,two
5628,2,two
5629,3,three
5630,1,one
5631,0,zero
5632,1,one
5633,2,two
5634,0,zero
5635,3,three
5636,3,three
5637,0,zero
5638,1,one
5639,2,two
5640,3,three
5641,2,two
5642,1,one
5643,3,three
5644,3,three
5645,0,zero
5646,2,two
5647,3,three
5648,3,three
5649,3,three
5650,2,two
5651,0,zero
5652,3,three
5653,0,zero
5654,0,zero
5655,1,one
5656,0,zero
5657,0,zero
5658,1,one
5659,2,two
5660,1,one
5661,2,two
5662,0,zero
5663,2,two
5664,3,three
5665,3,three
5666,3,three
5667,0,zero
5668,0,zero
5669,1,one
5670,0,zero
5671,0,zero
5672,0,zero
5673,1,one
5674,1,one
5675,0,zero
5676,2,two
5677,2,two
5678,3,three
5679,1,one
5680,3,three
5681,2,two
5682,0,zero
5683,3,three
5684,2,two
5685,0,zero
5686,3,three
5687,3,three
5688,1,one
5689,1,one
5690,3,three
5691,2,two
5692,2,two
5693,3,three
5694,2,two
5695,1,one
5696,1,one
5697,0,zero
5698,1,one
5699,2,two
5700,1,one
5701,2,two
5702,1,one
5703,1,one
5704,2,two
5705,0,zero
5706,3,three
5707,1,one
5708,1,one
5709,3,three
5710,0,zero
5711,2,two
5712,3,three
5713,3,three
5714,3,three
5715,0,zero
5716,2,two
5717,1,one
5718,0,zero
5719,2,two
5720,0,zero
5721,0,zero
5722,3,three
5723,0,zero
5724,0,zero
5725,3,three
5726,3,three
5727,1,one
5728,1,one
5729,0,zero
5730,2,two
5731,1,one
5732,1,one
5733,3,three
5734,3,three
5735,1,one
5736,2,two
5737,2,two
5738,3,three
5739,3,three
5740,0,zero
5741,0,zero
5742,3,three
5743,0,zero
5744,0,zero
5745,2,two
5746,0,zero
5747,0,zero
5748,2,two
5749,1,one
5750,1,one
5751,3,three
5752,2,two
5753,2,two
5754,1,one
5755,1,one
5756,3,three
5757,2,two
5758,1,one
5759,1,one
5760,1,one
5761,1,one
5762,0,zero
5763,0,zero
5764,2,two
5765,0,zero
5766,1,one
5767,2,two
5768,3,three
5769,2,two
5770,1,one
5771,0,zero
5772,2,two
5773,1,one
5774,0,zero
5775,1,one
5776,0,zero
5777,3,three
5778,3,three
5779,0,zero
5780,1,one
5781,0,zero
5782,2,two
5783,3,three
5784,1,one
5785,1,one
5786,2,two
5787,3,three
5788,2,two
5789,1,one
5790,0,zero
5791,1,one
5792,2,two
5793,2,two
5794,3,three
5795,3,three
5796,1,one
5797,1,one
5798,0,zero
5799,2,two
5800,2,two
5801,1,one
5802,3,three
5803,2,two
5804,1,one
5805,0,zero
5806,0,zero
5807,3,three
5808,0,zero
5809,3,three
5810,1,one
5811,1,one
5812,0,zero
5813,1,one
5814,1,one
5815,0,zero
5816,3,three
5817,0,zero
5818,0,zero
5819,0,zero
5820,2,two
5821,0,zero
5822,3,three
5823,2,two
5824,1,one
5825,1,one
5826,1,one
5827,0,zero
5828,3,three
5829,3,three
5830,3,three
5831,3,three
5832,3,three
5833,0,zero
5834,1,one
5835,2,two
5836,2,two
5837,1,one
5838,2,two
5839,0,zero
5840,2,two
5841,0,zero
5842,2,two
5843,0,zero
5844,2,two
5845,3,three
5846,3,three
5847,3,three
5848,2,two
5849,1,one
5850,3,three
5851,1,one
5852,1,one
5853,1,one
5854,0,zero
5855,1,one
5856,2,two
5857,1,one
5858,3,three
5859,3,three
5860,0,zero
5861,0,zero
5862,3,three
5863,3,three
5864,3,three
5865,0,zero
5866,0,zero
5867,0,zero
5868,2,two
5869,3,three
5870,1,one
5871,1,one
5872,2,two
5873,1,one
5874,0,zero
5875,2,two
5876,3,three
5877,1,one
5878,2,two
5879,2,two
5880,0,zero
5881,3,three
5882,1,one
5883,3,three
5884,1,one
5885,3,three
5886,3,three
5887,3,three
5888,1,one
5889,0,zero
5890,0,zero
5891,1,one
5892,1,one
5893,3,three
5894,3,three
5895,0,zero
5896,1,one
5897,1,one
5898,0,zero
5899,2,two
5900,2,two
5901,1,one
5902,2,two
5903,2,two
5904,1,one
5905,2,two
5906,0,zero
5907,3,three
5908,2,two
5909,3,three
5910,3,three
5911,0,zero
5912,0,zero
5913,0,zero
5914,1,one
5915,1,one
5916,2,two
5917,1,one
5918,3,three
5919,3,three
5920,3,three
5921,2,two
5922,2,two
5923,1,one
5924,2,two
5925,0,zero
5926,0,zero
5927,3,three
5928,2,two
5929,1,one
5930,2,two
5931,3,three
5932,2,two
5933,3,three
5934,2,two
5935,0,zero
5936,0,zero
5937,1,one
5938,2,two
5939,0,zero
5940,1,one
5941,0,zero
5942,1,one
5943,2,two
5944,3,three
5945,2,two
5946,1,one
5947,2,two
5948,1,one
5949,3,three
5950,2,two
5951,2,two
5952,0,zero
5953,0,zero
5954,0,zero
5955,0,zero
5956,0,zero
5957,3,three
5958,3,three
5959,1,one
5960,1,one
5961,0,zero
5962,2,two
5963,0,zero
5964,0,zero
5965,3,three
5966,1,one
5967,0,zero
5968,0,zero
5969,0,zero
5970,0,zero
5971,1,one
5972,3,three
5973,3,three
5974,3,three
5975,1,one
5976,2,two
5977,2,two
5978,0,zero
5979,0,zero
5980,0,zero
5981,0,zero
5982,2,two
5983,0,zero
5984,0,zero
5985,3,three
5986,2,two
5987,0,zero
5988,0,zero
5989,1,one
5990,3,three
5991,3,three
5992,1,one
5993,1,one
5994,0,zero
5995,0,zero
5996,0,zero
5997,1,one
5998,3,three
5999,1,one
6000,0,zero
6001,0,zero
6002,0,zero
6003,2,two
6004,0,zero
6005,3,three
6006,0,zero
6007,2,two
6008,3,three
6009,2,two
6010,0,zero
6011,3,three
6012,0,zero
6013,1,one
6014,2,two
6015,0,zero
6016,1,one
6017,2,two
6018,0,zero
6019,0,zero
6020,2,two
6021,0,zero
6022,0,zero
6023,1,one
6024,0,zero
6025,1,one
6026,3,three
6027,1,one
6028,3,three
6029,0,zero
6030,2,two
6031,3,three
6032,3,three
6033,2,two
6034,3,three
6035,2,two
6036,2,two
6037,2,two
6038,0,zero
6039,3,three
6040,3,three
6041,0,zero
6042,1,one
6043,3,three
6044,1,one
6045,2,two
6046,1,one
6047,2,two
6048,0,zero
6049,2,two
6050,1,one
6051,0,zero
6052,3,three
6053,2,two
6054,0,zero
6055,0,zero
6056,3,three
6057,3,three
6058,2,two
6059,0,zero
6060,1,one
6061,1,one
6062,2,two
6063,0,zero
6064,0,zero
6065,0,zero
6066,0,zero
6067,3,three
6068,1,one
6069,0,zero
6070,0,zero
6071,2,two
6072,1,one
6073,0,zero
6074,0,zero
6075,1,one
6076,1,one
6077,3,three
6078,1,one
6079,0,zero
6080,3,three
6081,0,zero
6082,0,zero
6083,0,zero
6084,0,zero
6085,3,three
6086,1,one
6087,2,two
6088,2,two
6089,3,three
6090,2,two
6091,1,one
6092,0,zero
6093,0,zero
6094,0,zero
6095,0,zero
6096,0,zero
6097,0,zero
6098,1,one
6099,0,zero
6100,2,two
6101,2,two
6102,0,zero
6103,3,three
6104,0,zero
6105,2,two
6106,2,two
6107,3,three
6108,3,three
6109,2,two
6110,2,two
6111,2,two
6112,2,two
6113,1,one
6114,2,two
6115,0,zero
6116,2,two
6117,2,two
6118,2,two
6119,3,three
6120,1,one
6121,3,three
6122,1,one
6123,2,two
6124,0,zero
6125,3,three
6126,1,one
6127,3,three
6128,1,one
6129,3,three
6130,0,zero
6131,3,three
6132,0,zero
6133,3,three
6134,0,zero
6135,2,two
6136,0,zero
6137,1,one
6138,2,two
6139,2,two
6140,1,one
6141,0,zero
6142,2,two
6143,1,one
6144,2,two
6145,0,zero
6146,1,one
6147,1,one
6148,2,two
6149,0,zero
6150,3,three
6151,2,two
6152,3,three
6153,2,two
6154,2,two
6155,1,one
6156,2,two
6157,3,three
6158,0,zero
6159,1,one
6160,3,three
6161,1,one
6162,2,two
6163,1,one
6164,2,two
6165,3,three
6166,3,three
6167,2,two
6168,1,one
6169,1,one
6170,2,two
6171,1,one
6172,3,three
6173,1,one
6174,2,two
6175,3,three
6176,1,one
6177,2,two
6178,0,zero
6179,0,zero
6180,2,two
6181,1,one
6182,0,zero
6183,0,zero
6184,2,two
6185,0,zero
6186,3,three
6187,1,one
6188,3,three
6189,3,three
6190,2,two
6191,1,one
6192,0,zero
6193,2,two
6194,2,two
6195,3,three
6196,3,three
6197,2,two
6198,0,zero
6199,0,zero
6200,0,zero
6201,1,one
6202,1,one
6203,0,zero
6204,2,two
6205,3,three
6206,0,zero
6207,1,one
6208,2,two
6209,1,one
6210,1,one
6211,0,zero
6212,3,three
6213,2,two
6214,3,three
6215,3,three
6216,1,one
6217,3,three
6218,0,zero
6219,2,two
6220,1,one
6221,1,one
6222,0,zero
6223,0,zero
6224,0,zero
6225,3,three
6226,0,zero
6227,2,two
6228,0,zero
6229,1,one
6230,1,one
6231,3,three
6232,2,two
6233,1,one
6234,0,zero
6235,2,two
6236,1,one
6237,0,zero
6238,3,three
6239,2,two
6240,0,zero
6241,1,one
6242,1,one
6243,0,zero
6244,2,two
6245,1,one
6246,0,zero
6247,2,two
6248,2,two
6249,2,two
6250,3,three
6251,1,one
6252,0,zero
6253,0,zero
6254,1,one
6255,1,one
6256,2,two
6257,1,one
6258,1,one
6259,3,three
6260,1,one
6261,0,zero
6262,3,three
6263,1,one
6264,2,two
6265,1,one
6266,1,one
6267,3,three
6268,1,one
6269,0,zero
6270,2,two
6271,2,two
6272,0,zero
6273,1,one
6274,3,three
6275,3,three
6276,3,three
6277,0,zero
6278,1,one
6279,3,three
6280,3,three
6281,1,one
6282,2,two
6283,0,zero
6284,2,two
6285,1,one
6286,1,one
6287,1,one
6288,1,one
6289,1,one
6290,2,two
6291,0,zero
6292,1,one
6293,3,three
6294,0,zero
6295,1,one
6296,1,one
6297,0,zero
6298,3,three
6299,1,one
6300,3,three
6301,1,one
6302,3,three
6303,1,one
6304,3,three
6305,0,zero
6306,2,two
6307,2,two
6308,1,one
6309,2,two
6310,2,two
6311,2,two
6312,0,zero
6313,1,one
6314,3,three
6315,3,three
6316,1,one
6317,2,two
6318,3,three
6319,2,two
6320,0,zero
6321,1,one
6322,1,one
6323,1,one
6324,1,one
6325,0,zero
6326,0,zero
6327,2,two
6328,2,two
6329,3,three
6330,3,three
6331,1,one
6332,1,one
6333,2,two
6334,2,two
6335,3,three
6336,1,one
6337,0,zero
6338,3,three
6339,0,zero
6340,3,three
6341,3,three
6342,1,one
6343,2,two
6344,3,three
6345,1,one
6346,0,zero
6347,1,one
6348,1,one
6349,2,two
6350,2,two
6351,0,zero
6352,0,zero
6353,3,three
6354,2,two
6355,1,one
6356,1,one
6357,3,three
6358,2,two
6359,2,two
6360,1,one
6361,3,three
6362,1,one
6363,1,one
6364,0,zero
6365,0,zero
6366,2,two
6367,3,three
6368,0,zero
6369,2,two
6370,1,one
6371,3,three
6372,2,two
6373,2,two
6374,3,three
6375,1,one
6376,0,zero
6377,3,three
6378,2,two
6379,3,three
6380,2,two
6381,3,three
6382,3,three
6383,3,three
6384,1,one
6385,2,two
6386,2,two
6387,1,one
6388,3,three
6389,3,three
6390,2,two
6391,2,two
6392,2,two
6393,0,zero
6394,0,zero
6395,0,zero
6396,2,two
6397,2,two
6398,2,two
6399,1,one
6400,0,zero
6401,0,zero
6402,2,two
6403,1,one
6404,3,three
6405,2,two
6406,3,three
6407,0,zero
6408,2,two
6409,1,one
6410,2,two
6411,2,two
6412,3,three
6413,3,three
6414,2,two
6415,0,zero
6416,0,zero
6417,1,one
6418,2,two
6419,0,zero
6420,2,two
6421,1,one
6422,2,two
6423,3,three
6424,0,zero
6425,2,two
6426,1,one
6427,0,zero
6428,2,two
6429,1,one
6430,0,zero
6431,0,zero
6432,1,one
6433,2,two
6434,1,one
6435,1,one
6436,1,one
6437,3,three
6438,0,zero
6439,0,zero
6440,0,zero
6441,0,zero
6442,0,zero
6443,3,three
6444,0,zero
6445,0,zero
6446,2,two
6447,3,three
6448,0,zero
6449,2,two
6450,0,zero
6451,2,two
6452,2,two
6453,1,one
6454,2,two
6455,3,three
6456,1,one
6457,0,zero
6458,1,one
6459,2,two
6460,1,one
6461,0,zero
6462,2,two
6463,2,two
6464,1,one
6465,1,one
6466,2,two
6467,0,zero
6468,3,three
6469,2,two
6470,0,zero
6471,0,zero
6472,3,three
6473,3,three
6474,2,two
6475,3,three
6476,3,three
6477,0,zero
6478,2,two
6479,1,one
6480,1,one
6481,3,three
6482,3,three
6483,0,zero
6484,0,zero
6485,3,three
6486,0,zero
6487,2,two
6488,0,zero
6489,2,two
6490,3,three
6491,3,three
6492,0,zero
6493,0,zero
6494,1,one
6495,2,two
6496,1,one
6497,2,two
6498,1,one
6499,1,one
6500,1,one
6501,1,one
6502,0,zero
6503,1,one
6504,2,two
6505,2,two
6506,0,zero
6507,2,two
6508,1,one
6509,2,two
6510,1,one
6511,1,one
6512,2,two
6513,0,zero
6514,3,three
6515,1,one
6516,1,one
6517,2,two
6518,0,zero
6519,0,zero
6520,2,two
6521,1,one
6522,0,zero
6523,1,one
6524,3,three
6525,1,one
6526,2,two
6527,1,one
6528,3,three
6529,3,three
6530,3,three
6531,1,one
6532,3,three
6533,3,three
6534,1,one
6535,1,one
6536,2,two
6537,3,three
6538,1,one
6539,2,two
6540,3,three
6541,3,three
6542,1,one
6543,3,three
6544,2,two
6545,0,zero
6546,0,zero
6547,2,two
6548,3,three
6549,2,two
6550,2,two
6551,0,zero
6552,1,one
6553,3,three
6554,3,three
6555,1,one
6556,1,one
6557,1,one
6558,2,two
6559,2,two
6560,2,two
6561,0,zero
6562,0,zero
6563,3,three
6564,2,two
6565,2,two
6566,3,three
6567,0,zero
6568,3,three
6569,0,zero
6570,3,three
6571,3,three
6572,2,two
6573,0,zero
6574,3,three
6575,1,one
6576,3,three
6577,2,two
6578,2,two
6579,3,three
6580,0,zero
6581,0,zero
6582,2,two
6583,2,two
6584,1,one
6585,2,two
6586,0,zero
6587,3,three
6588,2,two
6589,3,three
6590,1,one
6591,2,two
6592,2,two
6593,0,zero
6594,2,two
6595,1,one
6596,0,zero
6597,2,two
6598,2,two
6599,0,zero
6600,0,zero
6601,2,two
6602,0,zero
6603,3,three
6604,1,one
6605,2,two
6606,3,three
6607,1,one
6608,2,two
6609,3,three
6610,3,three
6611,1,one
6612,1,one
6613,0,zero
6614,0,zero
6615,1,one
6616,2,two
6617,1,one
6618,1,one
6619,0,zero
6620,1,one
6621,1,one
6622,3,three
6623,2,two
6624,2,two
6625,3,three
6626,2,two
6627,3,three
6628,1,one
6629,2,two
6630,3,three
6631,0,zero
6632,1,one
6633,0,zero
6634,0,zero
6635,3,three
6636,2,two
6637,3,three
6638,0,zero
6639,3,three
6640,2,two
6641,0,zero
6642,0,zero
6643,0,zero
6644,2,two
6645,3,three
6646,1,one
6647,1,one
6648,3,three
6649,1,one
6650,0,zero
6651,1,one
6652,1,one
6653,3,three
6654,1,one
6655,0,zero
6656,1,one
6657,1,one
6658,3,three
6659,2,two
6660,2,two
6661,1,one
6662,2,two
6663,0,zero
6664,2,two
6665,0,zero
6666,3,three
6667,2,two
6668,3,three
6669,0,zero
6670,1,one
6671,2,two
6672,1,one
6673,1,one
6674,1,one
6675,2,two
6676,2,two
6677,1,one
6678,1,one
6679,0,zero
6680,2,two
6681,1,one
6682,0,zero
6683,2,two
6684,1,one
6685,1,one
6686,2,two
6687,2,two
6688,1,one
6689,1,one
6690,0,zero
6691,0,zero
6692,1,one
6693,1,one
6694,0,zero
6695,0,zero
6696,2,two
6697,1,one
6698,0,zero
6699,0,zero
6700,2,two
6701,0,zero
6702,1,one
6703,1,one
6704,1,one
6705,0,zero
6706,2,two
6707,0,zero
6708,3,three
6709,3,three
6710,3,three
6711,1,one
6712,3,three
6713,1,one
6714,3,three
6715,3,three
6716,1,one
6717,0,zero
6718,0,zero
6719,2,two
6720,3,three
6721,3,three
6722,2,two
6723,0,zero
6724,0,zero
6725,1,one
6726,0,zero
6727,3,three
6728,1,one
6729,3,three
6730,1,one
6731,1,one
6732,1,one
6733,1,one
6734,0,zero
6735,1,one
6736,3,three
6737,0,zero
6738,0,zero
6739,2,two
6740,1,one
6741,1,one
6742,0,zero
6743,2,two
6744,2,two
6745,2,two
6746,1,one
6747,2,two
6748,1,one
6749,1,one
6750,1,one
6751,1,one
6752,3,three
6753,3,three
6754,1,one
6755,2,two
6756,2,two
6757,2,two
6758,3,three
6759,2,two
6760,3,three
6761,0,zero
6762,2,two
6763,2,two
6764,2,two
6765,1,one
6766,3,three
6767,3,three
6768,2,two
6769,3,three
6770,3,three
6771,3,three
6772,2,two
6773,0,zero
6774,1,one
6775,0,zero
6776,3,three
6777,3,three
6778,0,zero
6779,2,two
6780,2,two
6781,1,one
6782,3,three
6783,0,zero
6784,1,one
6785,0,zero
6786,2,two
6787,3,three
6788,3,three
6789,1,one
6790,1,one
6791,3,three
6792,1,one
6793,2,two
6794,1,one
6795,2,two
6796,1,one
6797,0,zero
6798,0,zero
6799,1,one
6800,0,zero
6801,1,one
6802,0,zero
6803,0,zero
6804,0,zero
6805,3,three
6806,2,two
6807,2,two
6808,0,zero
6809,0,zero
6810,1,one
6811,2,two
6812,1,one
6813,0,zero
6814,0,zero
6815,2,two
6816,2,two
6817,2,two
6818,0,zero
6819,3,three
6820,0,zero
6821,3,three
6822,1,one
6823,1,one
6824,3,three
6825,0,zero
6826,2,two
6827,3,three
6828,2,two
6829,1,one
6830,1,one
6831,3,three
6832,1,one
6833,3,three
6834,3,three
6835,1,one
6836,0,zero
6837,3,three
6838,2,two
6839,2,two
6840,1,one
6841,3,three
6842,1,one
6843,1,one
6844,1,one
6845,0,zero
6846,2,two
6847,2,two
6848,1,one
6849,3,three
6850,2,two
6851,3,three
6852,3,three
6853,0,zero
6854,1,one
6855,1,one
6856,0,zero
6857,3,three
6858,2,two
6859,2,two
6860,1,one
6861,3,three
6862,2,two
6863,2,two
6864,2,two
6865,2,two
6866,2,two
6867,0,zero
6868,0,zero
6869,0,zero
6870,3,three
6871,0,zero
6872,1,one
6873,3,three
6874,0,zero
6875,0,zero
6876,2,two
6877,2,two
6878,3,three
6879,1,one
6880,3,three
6881,0,zero
6882,3,three
6883,2,two
6884,3,three
6885,0,zero
6886,2,two
6887,2,two
6888,3,three
6889,1,one
6890,1,one
6891,1,one
6892,3,three
6893,1,one
6894,0,zero
6895,0,zero
6896,2,two
6897,0,zero
6898,3,three
6899,0,zero
6900,1,one
6901,0,zero
6902,3,three
6903,3,three
6904,3,three
6905,0,zero
6906,1,one
6907,1,one
6908,0,zero
6909,2,two
6910,2,two
6911,3,three
6912,1,one
6913,2,two
6914,1,one
6915,1,one
6916,2,two
6917,1,one
6918,1,one
6919,1,one
6920,2,two
6921,3,three
6922,3,three
6923,0,zero
6924,1,one
6925,3,three
6926,0,zero
6927,0,zero
6928,1,one
6929,0,zero
6930,2,two
6931,0,zero
6932,2,two
6933,3,three
6934,1,one
6935,2,two
6936,3,three
6937,3,three
6938,1,one
6939,1,one
6940,0,zero
6941,3,three
6942,1,one
6943,2,two
6944,3,three
6945,1,one
6946,2,two
6947,1,one
6948,2,two
6949,0,zero
6950,2,two
6951,1,one
6952,3,three
6953,2,two
6954,3,three
6955,0,zero
6956,3,three
6957,2,two
6958,2,two
6959,1,one
6960,0,zero
6961,2,two
6962,3,three
6963,1,one
6964,3,three
6965,3,three
6966,3,three
6967,0,zero
6968,1,one
6969,0,zero
6970,1,one
6971,0,zero
6972,2,two
6973,3,three
6974,0,zero
6975,3,three
6976,0,zero
6977,3,three
6978,3,three
6979,1,one
6980,3,three
6981,1,one
6982,3,three
6983,1,one
6984,2,two
6985,1,one
6986,2,two
6987,0,zero
6988,2,two
6989,2,two
6990,0,zero
6991,2,two
6992,1,one
6993,1,one
6994,2,two
6995,3,three
6996,0,zero
6997,3,three
6998,1,one
6999,2,two
7000,1,one
7001,3,three
7002,1,one
7003,1,one
7004,2,two
7005,3,three
7006,2,two
7007,1,one
7008,1,one
7009,1,one
7010,1,one
7011,2,two
7012,1,one
7013,1,one
7014,3,three
7015,1,one
7016,1,one
7017,0,zero
7018,3,three
7019,2,two
7020,2,two
7021,0,zero
7022,2,two
7023,0,zero
7024,1,one
7025,0,zero
7026,3,three
7027,0,zero
7028,3,three
7029,0,zero
7030,3,three
7031,3,three
7032,1,one
7033,1,one
7034,1,one
7035,0,zero
7036,3,three
7037,0,zero
7038,0,zero
7039,1,one
7040,1,one
7041,1,one
7042,0,zero
7043,1,one
7044,0,zero
7045,0,zero
7046,0,zero
7047,0,zero
7048,0,zero
7049,2,two
7050,3,three
7051,3,three
7052,3,three
7053,3,three
7054,1,one
7055,1,one
7056,3,three
7057,3,three
7058,2,two
7059,0,zero
7060,3,three
7061,3,three
7062,2,two
7063,2,two
7064,1,one
7065,2,two
7066,3,three
7067,3,three
7068,1,one
7069,0,zero
7070,3,three
7071,0,zero
7072,0,zero
7073,2,two
7074,3,three
7075,0,zero
7076,3,three
7077,1,one
7078,3,three
7079,0,zero
7080,3,three
7081,1,one
7082,3,three
7083,3,three
7084,2,two
7085,3,three
7086,0,zero
7087,0,zero
7088,0,zero
7089,1,one
7090,3,three
7091,1,one
7092,1,one
7093,1,one
7094,1,one
7095,2,two
7096,0,zero
7097,0,zero
7098,1,one
7099,1,one
7100,3,three
7101,3,three
7102,1,one
7103,3,three
7104,0,zero
7105,2,two
7106,1,one
7107,1,one
7108,1,one
7109,1,one
7110,1,one
7111,3,three
7112,3,three
7113,3,three
7114,0,zero
7115,2,two
7116,2,two
7117,0,zero
7118,2,two
7119,2,two
7120,0,zero
7121,3,three
7122,0,zero
7123,2,two
7124,3,three
7125,1,one
7126,2,two
7127,3,three
7128,3,three
7129,1,one
7130,1,one
7131,3,three
7132,1,one
7133,0,zero
7134,2,two
7135,1,one
7136,3,three
7137,1,one
7138,3,three
7139,0,zero
7140,1,one
7141,3,three
7142,0,zero
7143,2,two
7144,1,one
7145,3,three
7146,0,zero
7147,2,two
7148,0,zero
7149,1,one
7150,1,one
7151,0,zero
7152,2,two
7153,2,two
7154,1,one
7155,2,two
7156,2,two
7157,0,zero
7158,3,three
7159,1,one
7160,2,two
7161,0,zero
7162,1,one
7163,2,two
7164,1,one
7165,2,two
7166,3,three
7167,2,two
7168,1,one
7169,3,three
7170,1,one
7171,1,one
7172,1,one
7173,3,three
7174,1,one
7175,3,three
7176,1,one
7177,2,two
7178,3,three
7179,2,two
7180,3,three
7181,2,two
7182,0,zero
7183,1,one
7184,3,three
7185,0,zero
7186,2,two
7187,1,one
7188,3,three
7189,3,three
7190,1,one
7191,2,two
7192,2,two
7193,2,two
7194,3,three
7195,1,one
7196,1,one
7197,3,three
7198,3,three
7199,2,two
7200,2,two
7201,3,three
7202,3,three
7203,1,one
7204,1,one
7205,2,two
7206,0,zero
7207,3,three
7208,3,three
7209,1,one
7210,2,two
7211,3,three
7212,3,three
7213,1,one
7214,0,zero
7215,1,one
7216,2,two
7217,0,zero
7218,3,three
7219,0,zero
7220,3,three
7221,0,zero
7222,0,zero
7223,2,two
7224,0,zero
7225,2,two
7226,1,one
7227,0,zero
7228,2,two
7229,3,three
7230,1,one
7231,3,three
7232,3,three
7233,1,one
7234,1,one
7235,1,one
7236,2,two
7237,3,three
7238,2,two
7239,3,three
7240,0,zero
7241,0,zero
7242,3,three
7243,1,one
7244,0,zero
7245,1,one
7246,1,one
7247,1,one
7248,1,one
7249,3,three
7250,1,one
7251,3,three
7252,1,one
7253,3,three
7254,3,three
7255,3,three
7256,1,one
7257,0,zero
7258,2,two
7259,2,two
7260,1,one
7261,1,one
7262,3,three
7263,1,one
7264,1,one
7265,3,three
7266,2,two
7267,3,three
7268,2,two
7269,0,zero
7270,1,one
7271,1,one
7272,1,one
7273,1,one
7274,1,one
7275,1,one
7276,3,three
7277,2,two
7278,1,one
7279,3,three
7280,2,two
7281,2,two
7282,2,two
7283,2,two
7284,2,two
7285,2,two
7286,1,one
7287,1,one
7288,2,two
7289,3,three
7290,3,three
7291,0,zero
7292,1,one
7293,2,two
7294,0,zero
7295,1,one
7296,1,one
7297,3,three
7298,3,three
7299,0,zero
7300,0,zero
7301,2,two
7302,3,three
7303,3,three
7304,1,one
7305,0,zero
7306,0,zero
7307,0,zero
7308,0,zero
7309,2,two
7310,1,one
7311,3,three
7312,3,three
7313,1,one
7314,2,two
7315,3,three
7316,0,zero
7317,1,one
7318,3,three
7319,1,one
7320,0,zero
7321,1,one
7322,1,one
7323,1,one
7324,0,zero
7325,0,zero
7326,0,zero
7327,3,three
7328,3,three
7329,1,one
7330,1,one
7331,2,two
7332,3,three
7333,1,one
7334,3,three
7335,3,three
7336,3,three
7337,3,three
7338,3,three
7339,2,two
7340,0,zero
7341,3,three
7342,1,one
7343,1,one
7344,3,three
7345,2,two
7346,3,three
7347,0,zero
7348,3,three
7349,1,one
7350,2,two
7351,3,three
7352,2,two
7353,0,zero
7354,0,zero
7355,1,one
7356,2,two
7357,3,three
7358,3,three
7359,3,three
7360,3,three
7361,3,three
7362,1,one
7363,1,one
7364,3,three
7365,1,one
7366,0,zero
7367,1,one
7368,2,two
7369,0,zero
7370,2,two
7371,2,two
7372,3,three
7373,0,zero
7374,2,two
7375,2,two
7376,2,two
7377,3,three
7378,0,zero
7379,0,zero
7380,2,two
7381,3,three
7382,1,one
7383,1,one
7384,2,two
7385,3,three
7386,0,zero
7387,1,one
7388,0,zero
7389,0,zero
7390,2,two
7391,2,two
7392,3,three
7393,0,zero
7394,1,one
7395,2,two
7396,1,one
7397,1,one
7398,3,three
7399,0,zero
7400,3,three
7401,3,three
7402,0,zero
7403,0,zero
7404,0,zero
7405,0,zero
7406,0,zero
7407,0,zero
7408,3,three
7409,0,zero
7410,1,one
7411,2,two
7412,0,zero
7413,2,two
7414,2,two
7415,1,one
7416,1,one
7417,1,one
7418,3,three
7419,1,one
7420,0,zero
7421,0,zero
7422,0,zero
7423,3,three
7424,1,one
7425,1,one
7426,2,two
7427,3,three
7428,0,zero
7429,3,three
7430,3,three
7431,0,zero
7432,2,two
7433,0,zero
7434,1,one
7435,0,zero
7436,3,three
7437,0,zero
7438,3,three
7439,1,one
7440,1,one
7441,0,zero
7442,3,three
7443,2,two
7444,2,two
7445,1,one
7446,0,zero
7447,2,two
7448,1,one
7449,2,two
7450,3,three
7451,0,zero
7452,2,two
7453,2,two
7454,1,one
7455,3,three
7456,0,zero
7457,2,two
7458,1,one
7459,0,zero
7460,3,three
7461,1,one
7462,3,three
7463,3,three
7464,3,three
7465,2,two
7466,2,two
7467,2,two
7468,0,zero
7469,3,three
7470,3,three
7471,1,one
7472,2,two
7473,1,one
7474,2,two
7475,2,two
7476,0,zero
7477,3,three
7478,2,two
7479,0,zero
7480,3,three
7481,1,one
7482,2,two
7483,0,zero
7484,2,two
7485,0,zero
7486,3,three
7487,0,zero
7488,1,one
7489,1,one
7490,2,two
7491,1,one
7492,1,one
7493,0,zero
7494,0,zero
7495,0,zero
7496,2,two
7497,2,two
7498,2,two
7499,0,zero
7500,3,three
7501,3,three
7502,0,zero
7503,2,two
7504,0,zero
7505,3,three
7506,3,three
7507,2,two
7508,1,one
7509,3,three
7510,3,three
7511,0,zero
7512,0,zero
7513,2,two
7514,0,zero
7515,1,one
7516,2,two
7517,2,two
7518,0,zero
7519,2,two
7520,0,zero
7521,0,zero
7522,2,two
7523,0,zero
7524,3,three
7525,1,one
7526,1,one
7527,0,zero
7528,0,zero
7529,3,three
7530,3,three
7531,3,three
7532,2,two
7533,1,one
7534,1,one
7535,0,zero
7536,0,zero
7537,3,three
7538,1,one
7539,0,zero
7540,0,zero
7541,1,one
7542,2,two
7543,0,zero
7544,0,zero
7545,1,one
7546,2,two
7547,1,one
7548,1,one
7549,1,one
7550,0,zero
7551,1,one
7552,2,two
7553,0,zero
7554,3,three
7555,0,zero
7556,3,three
7557,3,three
7558,1,one
7559,0,zero
7560,0,zero
7561,2,two
7562,2,two
7563,0,zero
7564,3,three
7565,1,one
7566,3,three
7567,2,two
7568,3,three
7569,2,two
7570,2,two
7571,1,one
7572,0,zero
7573,1,one
7574,3,three
7575,3,three
7576,2,two
7577,1,one
7578,2,two
7579,1,one
7580,1,one
7581,3,three
7582,0,zero
7583,2,two
7584,3,three
7585,0,zero
7586,1,one
7587,3,three
7588,2,two
7589,0,zero
7590,3,three
7591,3,three
7592,2,two
7593,2,two
7594,0,zero
7595,0,zero
7596,3,three
7597,3,three
7598,2,two
7599,0,zero
7600,2,two
7601,0,zero
7602,0,zero
7603,0,zero
7604,1,one
7605,0,zero
7606,0,zero
7607,0,zero
7608,2,two
7609,3,three
7610,3,three
7611,0,zero
7612,2,two
7613,2,two
7614,3,three
7615,2,two
7616,3,three
7617,3,three
7618,1,one
7619,3,three
7620,0,zero
7621,0,zero
7622,2,two
7623,1,one
7624,2,two
7625,0,zero
7626,1,one
7627,2,two
7628,0,zero
7629,3,three
7630,0,zero
7631,2,two
7632,1,one
7633,1,one
7634,1,one
7635,0,zero
7636,3,three
7637,3,three
7638,2,two
7639,2,two
7640,0,zero
7641,0,zero
7642,3,three
7643,1,one
7644,3,three
7645,2,two
7646,3,three
7647,0,zero
7648,3,three
7649,1,one
7650,1,one
7651,0,zero
7652,1,one
7653,2,two
7654,2,two
7655,2,two
7656,1,one
7657,2,two
7658,1,one
7659,2,two
7660,1,one
7661,1,one
7662,3,three
7663,2,two
7664,2,two
7665,2,two
7666,1,one
7667,2,two
7668,2,two
7669,2,two
7670,0,zero
7671,3,three
7672,0,zero
7673,0,zero
7674,2,two
7675,3,three
7676,2,two
7677,0,zero
7678,1,one
7679,1,one
7680,3,three
7681,0,zero
7682,1,one
7683,0,zero
7684,3,three
7685,3,three
7686,2,two
7687,0,zero
7688,2,two
7689,2,two
7690,2,two
7691,3,three
7692,2,two
7693,3,three
7694,3,three
7695,1,one
7696,1,one
7697,0,zero
7698,0,zero
7699,2,two
7700,3,three
7701,0,zero
7702,0,zero
7703,1,one
7704,0,zero
7705,0,zero
7706,0,zero
7707,2,two
7708,3,three
7709,2,two
7710,3,three
7711,1,one
7712,1,one
7713,2,two
7714,0,zero
7715,0,zero
7716,0,zero
7717,3,three
7718,1,one
7719,0,zero
7720,3,three
7721,3,three
7722,2,two
7723,1,one
7724,0,zero
7725,0,zero
7726,2,two
7727,1,one
7728,0,zero
7729,0,zero
7730,3,three
7731,3,three
7732,3,three
7733,1,one
7734,0,zero
7735,0,zero
7736,0,zero
7737,0,zero
7738,3,three
7739,3,three
7740,1,one
7741,1,one
7742,2,two
7743,0,zero
7744,3,three
7745,1,one
7746,1,one
7747,3,three
7748,3,three
7749,3,three
7750,3,three
7751,2,two
7752,3,three
7753,2,two
7754,1,one
7755,1,one
7756,2,two
7757,3,three
7758,0,zero
7759,1,one
7760,0,zero
7761,1,one
7762,2,two
7763,3,three
7764,3,three
7765,0,zero
7766,2,two
7767,0,zero
7768,2,two
7769,3,three
7770,2,two
7771,3,three
7772,3,three
7773,0,zero
7774,1,one
7775,2,two
7776,2,two
7777,2,two
7778,0,zero
7779,1,one
7780,3,three
7781,1,one
7782,2,two
7783,2,two
7784,3,three
7785,1,one
7786,1,one
7787,3,three
7788,1,one
7789,3,three
7790,0,zero
7791,3,three
7792,0,zero
7793,2,two
7794,0,zero
7795,3,three
7796,2,two
7797,3,three
7798,2,two
7799,3,three
7800,1,one
7801,0,zero
7802,3,three
7803,3,three
7804,3,three
7805,0,zero
7806,3,three
7807,0,zero
7808,1,one
7809,1,one
7810,2,two
7811,1,one
7812,2,two
7813,1,one
7814,1,one
7815,2,two
7816,0,zero
7817,0,zero
7818,1,one
7819,1,one
7820,1,one
7821,1,one
7822,0,zero
7823,0,zero
7824,1,one
7825,3,three
7826,0,zero
7827,0,zero
7828,1,one
7829,0,zero
7830,2,two
7831,3,three
7832,1,one
7833,0,zero
7834,2,two
7835,1,one
7836,3,three
7837,3,three
7838,1,one
7839,2,two
7840,1,one
7841,2,two
7842,3,three
7843,0,zero
7844,0,zero
7845,1,one
7846,1,one
7847,3,three
7848,0,zero
7849,2,two
7850,0,zero
7851,0,zero
7852,1,one
7853,1,one
7854,3,three
7855,2,two
7856,1,one
7857,3,three
7858,3,three
7859,3,three
7860,3,three
7861,0,zero
7862,2,two
7863,2,two
7864,3,three
7865,2,two
7866,3,three
7867,2,two
7868,0,zero
7869,1,one
7870,1,one
7871,1,one
7872,0,zero
7873,3,three
7874,3,three
7875,2,two
7876,0,zero
7877,2,two
7878,3,three
7879,0,zero
7880,1,one
7881,2,two
7882,1,one
7883,3,three
7884,1,one
7885,1,one
7886,2,two
7887,3,three
7888,0,zero
7889,3,three
7890,3,three
7891,3,three
7892,0,zero
7893,0,zero
7894,2,two
7895,1,one
7896,0,zero
7897,2,two
7898,0,zero
7899,2,two
7900,1,one
7901,2,two
7902,1,one
7903,0,zero
7904,1,one
7905,2,two
7906,2,two
7907,3,three
7908,0,zero
7909,3,three
7910,0,zero
7911,1,one
7912,2,two
7913,3,three
7914,1,one
7915,0,zero
7916,3,three
7917,3,three
7918,3,three
7919,0,zero
7920,0,zero
7921,1,one
7922,2,two
7923,2,two
7924,0,zero
7925,2,two
7926,1,one
7927,1,one
7928,1,one
7929,2,two
7930,3,three
7931,0,zero
7932,0,zero
7933,1,one
7934,1,one
7935,3,three
7936,3,three
7937,2,two
7938,1,one
7939,1,one
7940,1,one
7941,2,two
7942,2,two
7943,3,three
7944,0,zero
7945,3,three
7946,2,two
7947,0,zero
7948,2,two
7949,0,zero
7950,0,zero
7951,2,two
7952,1,one
7953,3,three
7954,1,one
7955,2,two
7956,1,one
7957,0,zero
7958,1,one
7959,0,zero
7960,2,two
7961,1,one
7962,2,two
7963,1,one
7964,0,zero
7965,2,two
7966,0,zero
7967,1,one
7968,0,zero
7969,0,zero
7970,1,one
7971,2,two
7972,0,zero
7973,2,two
7974,1,one
7975,3,three
7976,3,three
7977,3,three
7978,2,two
7979,1,one
7980,3,three
7981,3,three
7982,3,three
7983,0,zero
7984,0,zero
7985,2,two
7986,3,three
7987,1,one
7988,2,two
7989,3,three
7990,2,two
7991,1,one
7992,3,three
7993,0,zero
7994,1,one
7995,0,zero
7996,1,one
7997,0,zero
7998,2,two
7999,0,zero
8000,2,two
8001,2,two
8002,2,two
8003,2,two
8004,2,two
8005,3,three
8006,3,three
8007,3,three
8008,1,one
8009,0,zero
8010,0,zero
8011,1,one
8012,3,three
8013,1,one
8014,0,zero
8015,3,three
8016,1,one
8017,2,two
8018,2,two
8019,1,one
8020,3,three
8021,3,three
8022,2,two
8023,1,one
8024,1,one
8025,3,three
8026,1,one
8027,0,zero
8028,1,one
8029,2,two
8030,3,three
8031,2,two
8032,2,two
8033,1,one
8034,2,two
8035,2,two
8036,3,three
8037,0,zero
8038,3,three
8039,0,zero
8040,3,three
8041,3,three
8042,1,one
8043,0,zero
8044,1,one
8045,0,zero
8046,0,zero
8047,2,two
8048,3,three
8049,2,two
8050,1,one
8051,2,two
8052,3,three
8053,1,one
8054,1,one
8055,3,three
8056,1,one
8057,2,two
8058,0,zero
8059,2,two
8060,1,one
8061,1,one
8062,3,three
8063,3,three
8064,0,zero
8065,2,two
8066,2,two
8067,1,one
8068,0,zero
8069,3,three
8070,2,two
8071,1,one
8072,1,one
8073,3,three
8074,0,zero
8075,2,two
8076,0,zero
8077,2,two
8078,1,one
8079,1,one
8080,2,two
8081,2,two
8082,2,two
8083,3,three
8084,2,two
8085,2,two
8086,1,one
8087,0,zero
8088,2,two
8089,2,two
8090,1,one
8091,3,three
8092,3,three
8093,0,zero
8094,2,two
8095,3,three
8096,2,two
8097,3,three
8098,2,two
8099,2,two
8100,2,two
8101,3,three
8102,3,three
8103,0,zero
8104,2,two
8105,3,three
8106,2,two
8107,1,one
8108,2,two
8109,2,two
8110,0,zero
8111,1,one
8112,0,zero
8113,3,three
8114,2,two
8115,0,zero
8116,2,two
8117,2,two
8118,2,two
8119,0,zero
8120,3,three
8121,1,one
8122,0,zero
8123,2,two
8124,0,zero
8125,2,two
8126,1,one
8127,2,two
8128,0,zero
8129,2,two
8130,0,zero
8131,0,zero
8132,1,one
8133,0,zero
8134,0,zero
8135,0,zero
8136,1,one
8137,3,three
8138,3,three
8139,1,one
8140,1,one
8141,2,two
8142,3,three
8143,1,one
8144,1,one
8145,3,three
8146,0,zero
8147,3,three
8148,0,zero
8149,1,one
8150,3,three
8151,1,one
8152,0,zero
8153,3,three
8154,3,three
8155,3,three
8156,1,one
8157,3,three
8158,2,two
8159,2,two
8160,3,three
8161,2,two
8162,2,two
8163,1,one
8164,1,one
8165,2,two
8166,1,one
8167,1,one
8168,3,three
8169,2,two
8170,0,zero
8171,1,one
8172,1,one
8173,1,one
8174,2,two
8175,0,zero
8176,2,two
8177,3,three
8178,3,three
8179,1,one
8180,2,two
8181,2,two
8182,1,one
8183,0,zero
8184,3,three
8185,0,zero
8186,3,three
8187,2,two
8188,0,zero
8189,0,zero
8190,1,one
8191,0,zero
8192,2,two
